1622484633846,-0.21565314,4.3121657,9.430114
1622484633858,0.0020937198,4.3576293,9.900304
1622484633877,-0.27218357,4.4751763,10.2571335
1622484633898,-1.0130613,4.3528433,9.615558
1622484633916,-1.8293129,3.6646078,7.665407
1622484633937,-1.6953149,3.5246277,6.7331038
1622484633956,-1.0369896,4.464409,7.2957163
1622484633976,-0.16181463,4.895117,8.1071825
1622484633995,-0.37986058,5.332106,8.574081
1622484634016,-0.76630145,5.4792647,8.406584
1622484634047,-2.2674985,5.3739805,8.181359
1622484634052,-3.8476589,5.2794642,7.859525
1622484634073,-1.4057833,5.1873403,7.2299137
1622484634091,-0.82881397,6.105287,6.571289
1622484634111,-1.8197416,6.344868,6.361917
1622484634130,-2.242374,5.4589257,7.368697
1622484634150,-2.152643,5.4900327,7.560123
1622484634170,-1.9381863,5.669793,8.009076
1622484634189,-1.9707886,5.372784,8.802596
1622484634208,-2.1478574,5.6674004,8.692527
1622484634229,-2.242374,5.543871,8.665009
1622484634247,-1.8831514,5.3368917,8.352746
1622484634267,-2.0306091,5.36082,8.588439
1622484634287,-1.5062819,5.212465,9.771091
1622484634306,-1.579263,4.686941,9.549755
1622484634326,-0.89461654,3.0816565,8.803793
1622484634345,-1.3938192,3.3523445,8.088039
1622484634365,-1.1171491,4.0130625,8.601599
1622484634384,-1.4859428,4.7096734,8.759525
1622484634404,-1.9046868,4.5302114,10.345668
1622484634423,-2.5860431,4.5684967,10.89153
1622484634442,-3.1139596,4.1015973,10.460524
1622484634462,-2.5645077,3.0708888,8.809774
1622484634481,-2.1287148,3.1917262,6.9592257
1622484634501,-1.9310079,3.6263227,7.475178
1622484634520,-2.0892332,4.2690945,9.129516
1622484634540,-2.7930222,4.734798,10.808978
1622484634560,-3.188137,3.7256248,11.612069
1622484634580,-2.6279175,3.9185462,10.267901
1622484634599,-1.3914263,4.532604,8.751151
1622484634618,-1.2930216,5.5390854,6.8515487
1622484634639,-2.4062822,6.064609,6.47438
1622484634658,-3.3580275,5.4673004,6.318846
1622484634677,-4.4222355,5.11077,5.2893343
1622484634696,-5.509175,5.366802,4.5891347
1622484634717,-5.381159,6.311369,4.0480576
1622484634735,-5.0386863,6.774679,4.531707
1622484634764,-5.2947183,7.37438,4.2035913
1622484634785,-5.840581,6.902695,4.241876
1622484634803,-6.4621167,6.335297,4.668098
1622484634824,-7.1156564,5.892326,3.9020956
1622484634846,-6.611668,7.565806,1.2744771
1622484634862,-6.151947,8.099705,0.78364944
1622484634881,-5.9473605,6.8081784,0.9559326
1622484634901,-6.4621167,6.851249,1.1117653
1622484634920,-7.279565,7.982456,1.108176
1622484634940,-6.817451,7.763214,1.9495523
1622484634960,-6.289534,7.7153573,3.2123644
1622484634979,-6.1675005,7.9477606,3.691228
1622484634998,-6.2608204,7.8089767,3.3059835
1622484635019,-6.52433,7.6196446,2.420041
1622484635041,-7.157531,7.867601,1.7389839
1622484635060,-8.274381,8.513962,0.13250256
1622484635077,-9.520443,8.293523,-1.1099706
1622484635097,-9.277572,7.5047894,-2.6745775
1622484635115,-9.206684,7.231708,-4.423432
1622484635137,-9.7908325,7.7476606,-4.680959
1622484635154,-10.172787,8.444571,-4.5358944
1622484635175,-9.775279,8.4349985,-4.308576
1622484635193,-8.4502535,7.6495547,-3.3999019
1622484635221,-6.9801626,6.854839,-1.864308
1622484635232,-6.367301,6.009574,-0.7857431
1622484635253,-6.4441705,4.590032,-1.0561321
1622484635271,-6.579365,3.4277184,-1.96361
1622484635291,-5.625227,2.541776,-2.329712
1622484635311,-3.792624,2.3838496,-3.027818
1622484635330,-2.4649065,3.0421748,-4.345665
1622484635350,-2.574079,3.882654,-5.234
1622484635369,-3.5913277,4.356433,-6.5291157
1622484635389,-5.104489,4.3755755,-6.0526447
1622484635410,-6.6188464,4.8735814,-4.4318066
1622484635428,-7.179066,6.1618176,-3.845266
1622484635451,-5.584549,7.630412,-3.3149567
1622484635467,-3.3496525,9.779167,-2.888735
1622484635486,-4.01396,10.773983,-1.1123635
1622484635506,-4.733302,11.392827,-0.37387854
1622484635525,-4.24397,11.386845,-1.707279
1622484635544,-2.5824537,10.238888,-6.503991
1622484635564,-2.4421747,9.296714,-9.448658
1622484635583,-5.189434,10.876874,-2.1287148
1622484635605,-2.4469602,10.120443,0.5706882
1622484635622,-0.5270192,8.582157,-1.2981063
1622484635652,-3.3017962,7.5179496,-4.443771
1622484635661,-4.479663,7.617252,-3.9026937
1622484635681,-2.0880368,7.0043902,-3.6610186
1622484635700,-1.8628124,7.271489,-4.395914
1622484635720,-2.6099713,8.437391,-3.0996027
1622484635739,-3.5087752,8.154739,-2.9560332
1622484635749,-1.4656038,8.474481,-2.781058
1622484635770,-0.14745769,9.836595,-3.9290147
1622484635789,-0.9340981,10.634003,-4.610072
1622484635811,-2.0353947,9.234501,-4.05733
1622484635827,-2.3608186,8.591729,-4.1674
1622484635852,-1.8053846,9.061021,-4.203292
1622484635866,-1.7467605,9.48485,-3.039782
1622484635885,-1.3325031,9.928719,-3.5294135
1622484635906,0.8772686,9.967004,-4.1793637
1622484635924,-0.52342993,9.724133,-4.47727
1622484635944,-0.35114673,8.965308,-2.885146
1622484635964,1.1069796,10.406385,1.5858432
1622484635987,6.2087765,11.047961,-0.7163513
1622484636002,2.9132617,9.547063,1.2266207
1622484636024,0.7513463,8.448159,-3.8775692
1622484636042,1.0770693,6.701698,-0.77018976
1622484636061,-0.27098715,5.4673004,2.0751755
1622484636082,-1.3384851,6.982855,2.7649066
1622484636101,0.11455639,9.256036,1.8478572
1622484636120,1.2613167,9.895219,-0.8670991
1622484636139,2.3219352,8.516355,-2.5692933
1622484636162,2.757728,6.207281,-3.292225
1622484636185,2.57707,6.503991,-0.93529457
1622484636197,2.3889344,1.8487546,-0.99032944
1622484636217,5.6353965,4.6749773,-1.1685947
1622484636239,-4.584947,15.358631,-0.23389842
1622484636257,-3.6224344,16.030117,-3.275475
1622484636276,8.380263,13.372588,-4.1015973
1622484636297,9.467203,15.004194,6.6035924
1622484636315,2.684747,11.000105,6.5222363
1622484636336,1.7748762,10.619646,0.6843473
1622484636355,1.1057831,9.704989,0.10857433
1622484636377,2.4846473,10.390832,0.81236327
1622484636392,3.4986057,11.154442,0.41844487
1622484636412,2.5109682,10.570294,0.090628155
1622484636431,2.5181468,9.962218,1.0806586
1622484636454,2.617748,8.069795,1.0052847
1622484636471,3.9690945,7.637591,0.7190432
1622484636490,4.057629,8.973683,2.39372
1622484636510,2.0718853,9.427123,2.7158537
1622484636529,1.8155541,9.581759,-0.63230336
1622484636549,2.198705,9.449855,-1.5661024
1622484636569,3.1887352,9.297911,-1.6654046
1622484636587,3.0915267,9.439087,-0.29132617
1622484636607,2.7385855,9.368499,1.1524432
1622484636627,2.5507488,9.409177,1.4276178
1622484636658,2.6344976,9.392427,0.782453
1622484636666,3.4423745,9.393623,0.7645068
1622484636685,3.6373894,8.847761,0.55393845
1622484636705,4.485047,8.359326,2.0057836
1622484636726,5.853143,7.192227,4.7662034
1622484636744,5.0009995,6.760322,-0.9197412
1622484636771,2.6943183,9.296714,-6.084948
1622484636785,1.3331013,10.791929,-6.684649
1622484636802,0.29162526,10.706984,-3.5294135
1622484636822,-6.624829,11.726625,2.8091738
1622484636842,-0.31286156,9.803095,3.3861432
1622484636861,3.8303108,9.100503,-0.6586244
1622484636881,2.6009982,9.206984,-2.1909282
1622484636900,1.9965113,9.002397,-1.1362916
1622484636919,3.0855448,7.5418777,-2.8791637
1622484636938,3.2964122,7.11446,-0.7091728
1622484636958,4.2203407,6.023931,0.75493556
1622484636977,1.50688,7.742875,2.2286153
1622484636997,-0.25633112,6.480063,-0.12233306
1622484637017,0.6687939,5.8073807,1.4204394
1622484637037,1.7186449,7.2750783,3.0257242
1622484637062,-0.42891344,9.895219,1.0698909
1622484637075,0.86141616,9.478569,0.2940181
1622484637095,1.9232312,8.671888,-0.36430725
1622484637114,3.6783667,12.509677,3.638586
1622484637136,1.5786648,5.1083775,4.363013
1622484637158,-4.308576,6.201299,-7.62443
1622484637173,1.0016954,13.33191,1.398904
1622484637193,2.079064,9.295518,1.7066808
1622484637212,0.8844471,15.297614,-0.10797612
1622484637232,3.0496526,19.52304,-1.1877373
1622484637251,2.082653,14.047962,0.21505493
1622484637272,2.1652055,11.5316105,-0.11156536
1622484637290,1.8131614,12.404392,-0.8132606
1622484637326,0.9239286,11.330613,-1.1602199
1622484637330,-0.8033902,11.831013,-3.0326035
1622484637349,-1.2260225,10.189836,-3.0290143
1622484637369,-1.6235301,11.65484,-0.9245269
1622484637389,-0.1594218,13.157234,2.87378
1622484637407,1.8167506,12.167204,3.5213375
1622484637426,2.6703901,12.768102,0.75613195
1622484637446,3.3622148,11.638091,3.3610184
1622484637466,1.6313069,10.480563,0.67836523
1622484637485,1.1069796,9.078967,0.38494533
1622484637507,0.40558344,9.09811,1.07348
1622484637524,-0.025423741,9.160323,1.6923238
1622484637553,-0.1486541,8.590532,2.0285153
1622484637563,-0.40259242,8.065009,2.0536401
1622484637583,-0.27936205,7.574181,2.4523442
1622484637602,0.29880372,7.3755765,2.5468607
1622484637621,0.83389866,6.9936223,2.9300113
1622484637641,1.2529417,6.605686,2.5815566
1622484637670,1.6947167,6.3329043,2.6138597
1622484637680,2.102992,5.953343,3.2350962
1622484637700,2.4284158,5.4900327,3.4519458
1622484637719,2.3709881,5.662615,3.4890344
1622484637750,2.50379,6.411867,4.226323
1622484637768,2.589034,8.067402,4.67408
1622484637787,3.2629128,10.623236,4.586742
1622484637807,3.2772696,12.860524,5.0009995
1622484637826,2.7828526,13.199109,6.16092
1622484637846,1.7186449,11.563913,6.639784
1622484637869,1.7904296,8.103293,6.8862443
1622484637885,2.4008985,5.6877394,7.350751
1622484637904,1.6396817,11.597413,3.231507
1622484637924,-0.52223355,17.604296,-1.3184453
1622484637947,-2.047359,15.203097,1.0399805
1622484637963,-1.2990036,8.100901,2.3362923
1622484637982,-0.6095716,5.340481,1.236192
1622484638002,-0.17736799,5.442176,0.39810586
1622484638024,0.36610186,8.04467,-0.33080772
1622484638041,0.63529444,12.424731,-0.80847496
1622484638068,0.4761717,13.776078,0.16719848
1622484638082,1.5188441,10.04507,1.1093724
1622484638099,2.0072792,7.2750783,0.30119655
1622484638119,2.1628125,7.0283184,-0.5485546
1622484638152,1.9375881,7.732107,-0.06849455
1622484638158,1.8717855,8.482856,0.10977074
1622484638177,1.7748762,8.497212,0.328714
1622484638197,1.80359,8.208578,0.44985065
1622484638217,1.9495523,8.826225,0.32632118
1622484638236,1.9905293,9.476176,0.51565325
1622484638270,1.931606,9.449855,0.98584294
1622484638275,1.9881365,8.682656,0.9092726
1622484638295,1.7928224,8.390732,0.1468595
1622484638314,1.1703894,9.211769,0.11455639
1622484638339,0.9957133,10.243673,0.5587241
1622484638352,0.7393822,10.423136,0.49651068
1622484638372,1.0076774,11.330613,-0.4456632
1622484638391,2.1185453,11.869298,-0.2745764
1622484638412,3.461517,12.048759,1.0435698
1622484638431,4.623831,11.801103,1.3570296
1622484638450,5.259424,11.659627,-0.48753762
1622484638470,2.6045876,12.119348,-0.36191443
1622484638489,0.9825528,9.974182,-2.0306091
1622484638510,-1.1111671,9.54467,-0.6047859
1622484638532,-0.6418747,12.146865,-0.023030918
1622484638549,0.4211368,15.166009,1.102194
1622484638567,1.3713865,15.517754,0.37776688
1622484638587,1.5535401,13.877773,0.5623133
1622484638607,1.2014961,12.01526,1.4575281
1622484638626,0.3278167,10.470992,1.0651052
1622484638654,-0.6442675,9.209376,0.83748794
1622484638665,-0.91615194,8.179864,0.5599205
1622484638684,-0.8252247,7.240382,0.6149554
1622484638704,-0.47916272,6.5087767,1.1428719
1622484638724,-0.2324029,6.283851,1.8969102
1622484638743,0.08105687,6.195317,2.527718
1622484638762,0.2976073,5.8624153,2.7960134
1622484638782,0.84347,5.712864,2.7828526
1622484638801,1.3761721,5.338088,2.6581268
1622484638821,1.7353946,4.9489555,2.9778678
1622484638849,1.8095721,5.4637113,3.309573
1622484638860,2.2621148,6.1845493,4.1605206
1622484638879,2.4822545,7.6220374,4.9974103
1622484638899,3.4938202,10.264012,4.4204407
1622484638919,3.7740796,13.953147,4.4407797
1622484638938,3.6290147,15.219848,4.8583274
1622484638957,2.757728,12.223435,6.6338015
1622484638977,2.141277,9.041879,7.536195
1622484638997,2.501397,7.2305117,8.757133
1622484639017,2.3626132,11.525628,2.2812574
1622484639036,-2.5585256,15.065211,-1.3543376
1622484639055,-4.4461637,14.5615225,-1.0956137
1622484639075,-1.7347964,9.72174,2.259722
1622484639094,0.35413775,5.825327,2.2764716
1622484639121,0.91555375,5.165805,-0.43848476
1622484639133,1.4793626,8.100901,-2.0114665
1622484639153,1.4180465,11.355738,-0.33439696
1622484639172,1.2637094,12.412767,0.35623148
1622484639192,1.4793626,9.523135,1.5448661
1622484639211,1.9304097,7.3636127,0.5096712
1622484639230,1.8741783,7.2930245,-0.4779663
1622484639255,1.8981066,7.820941,0.059521463
1622484639270,2.0084755,8.336594,0.39930227
1622484639289,2.05035,8.579764,0.42921257
1622484639309,1.8705891,8.624032,0.38255253
1622484639328,1.6576279,9.000004,0.19232312
1622484639347,1.4180465,8.707781,0.5096712
1622484639368,1.3007982,8.705388,0.9320044
1622484639389,1.2888341,9.181859,0.9834501
1622484639407,1.1847463,9.482158,0.5132605
1622484639426,0.62452674,9.728918,-0.019441685
1622484639462,0.86141616,10.259227,-0.36550367
1622484639465,1.3414762,11.947064,-0.50189453
1622484639485,2.8701909,12.187543,-0.41814575
1622484639512,4.941179,12.170794,0.024825536
1622484639524,4.000201,13.572688,-0.39541394
1622484639543,1.5499508,14.192728,-0.9532407
1622484639563,1.2002996,10.131211,-1.7730815
1622484639583,0.015254244,8.6599245,-0.8635099
1622484639604,-1.3241283,11.554342,2.0500507
1622484639621,0.13130614,14.717055,0.30119655
1622484639642,0.5982057,14.871393,1.0507482
1622484639661,0.81595254,13.340285,1.2696915
1622484639679,0.31226337,11.218151,1.0172487
1622484639713,-0.38823548,9.57817,0.6987042
1622484639718,-1.157827,8.82144,0.567099
1622484639737,-1.1027921,8.474481,1.0603195
1622484639749,-0.7316055,8.045866,1.6504494
1622484639768,-0.3152544,7.5490565,2.2058833
1622484639787,0.36131623,7.29781,2.501397
1622484639806,0.70588267,6.621239,2.4332016
1622484639827,0.8530413,5.692525,2.1675982
1622484639846,1.0615159,4.9657054,2.292025
1622484639874,1.2457633,4.456034,2.6186452
1622484639891,1.3498511,4.5445685,2.932404
1622484639905,1.8610178,4.825725,3.8386858
1622484639923,2.3434706,5.986842,4.8583274
1622484639943,3.1277182,7.834101,4.9519463
1622484639963,4.395316,11.604591,3.8841493
1622484639983,4.603492,15.03889,4.543671
1622484640002,3.955934,14.331512,6.1968126
1622484640022,2.5253253,10.325029,7.855936
1622484640042,2.9312077,5.866005,8.125129
1622484640061,2.1448665,9.838987,3.824329
1622484640094,-2.7678976,16.967505,-2.3249264
1622484640099,-8.16431,20.088045,-3.7950168
1622484640118,-0.5485546,9.358928,3.7977087
1622484640138,2.0647068,4.1865425,3.2207394
1622484640158,2.2549362,4.380361,-1.6462619
1622484640178,3.2090743,7.864012,-0.37746778
1622484640201,2.1364915,12.405589,-1.0788639
1622484640217,0.65324056,12.981362,0.951147
1622484640236,1.3235301,9.240483,1.4766706
1622484640269,1.6444674,7.379166,-0.0026919255
1622484640275,1.3031911,7.0989065,-0.54735816
1622484640294,1.1895319,7.5059857,0.24137598
1622484640314,1.1428719,8.042277,0.37058842
1622484640333,1.1656038,8.389535,0.5766702
1622484640353,1.5523437,8.46491,0.47138608
1622484640372,1.5714862,8.6395855,0.016450657
1622484640392,1.628914,8.451749,-0.029012974
1622484640411,1.4204394,8.973683,0.5312066
1622484640430,1.0651052,9.393623,0.92243314
1622484640456,0.76331043,9.208179,-0.3056831
1622484640471,0.90358967,10.900803,-0.40498522
1622484640489,1.5930216,12.565908,-0.8742776
1622484640508,3.2964122,12.023635,-0.7151549
1622484640527,4.8454657,11.553146,0.20309082
1622484640547,3.7130625,12.206686,0.07986046
1622484640567,0.9418748,13.622937,-0.45403808
1622484640586,0.8602197,10.358529,-2.3596222
1622484640606,-0.17856438,9.169894,-1.070489
1622484640626,-0.72442704,12.736995,1.3067802
1622484640645,0.32662028,15.764514,0.31196424
1622484640681,0.006879365,15.280865,1.547259
1622484640683,-0.12951152,13.037593,1.6731812
1622484640703,-0.24556342,10.8015,1.384547
1622484640723,-0.5401797,9.252447,1.4300107
1622484640743,-1.0920244,8.675478,1.3283156
1622484640763,-0.8129615,8.249256,1.602593
1622484640782,-0.30927232,7.6280193,1.5918252
1622484640801,0.2724827,7.39113,1.410868
1622484640821,0.75972116,6.878767,2.0344975
1622484640841,0.7956135,5.7284174,2.4643083
1622484640880,0.68195444,5.0880384,2.3374887
1622484640880,0.9873384,4.901099,2.161616
1622484640898,1.4458631,4.9214377,2.7708886
1622484640918,2.1675982,4.8412786,3.528516
1622484640937,2.6691937,5.365606,4.334
1622484640957,3.3107693,6.7962146,4.6872406
1622484640976,3.7513478,9.290732,4.138985
1622484640997,3.5823545,12.792029,4.156931
1622484641016,4.19402,15.294025,4.2239304
1622484641035,4.813163,13.353446,6.8300133
1622484641068,4.006183,8.850154,7.5314093
1622484641074,3.1719856,6.623632,7.9983087
1622484641093,1.9758734,11.82862,1.9495523
1622484641113,-4.755137,16.751852,-3.0254252
1622484641132,-7.5610204,16.644175,-1.1303096
1622484641152,0.48933223,8.267202,4.127021
1622484641171,1.4566308,5.0186462,1.5762719
1622484641191,1.2337992,6.131907,-2.1837497
1622484641211,1.6205392,9.5303135,-0.5940182
1622484641230,1.1177473,12.343375,0.04516453
1622484641273,0.8446664,11.318649,1.102194
1622484641273,1.6265212,8.673085,1.1656038
1622484641290,1.622932,7.9429746,0.24855445
1622484641309,1.4470595,7.732107,-0.28414768
1622484641328,1.6360924,7.730911,0.27128628
1622484641347,1.588236,8.2253275,0.52163535
1622484641367,1.9555343,8.395517,0.7046863
1622484641386,2.0024934,8.58814,0.5982057
1622484641407,1.9869401,8.652746,0.6963114
1622484641426,1.9351953,8.76162,0.90089774
1622484641449,1.7904296,8.940184,1.0088738
1622484641464,1.6097715,9.092128,0.9762716
1622484641483,1.3414762,8.612068,0.5084748
1622484641503,0.7812566,9.135199,-0.0529412
1622484641523,0.7465607,10.619646,-0.69601226
1622484641543,1.2589238,11.269596,-0.58683974
1622484641562,2.8354948,11.392827,0.14566308
1622484641583,4.7171507,11.5519495,0.27008986
1622484641601,5.1290154,12.242578,-0.8659027
1622484641621,2.23699,13.101003,-0.03499503
1622484641644,1.96032,11.732906,-1.1793624
1622484641659,0.68075806,10.21496,-1.6642082
1622484641678,-0.698106,10.447063,-1.4524434
1622484641698,-1.9345971,11.73171,1.4312071
1622484641718,-1.2176477,12.613765,1.4024931
1622484641737,-0.08883354,13.444673,1.3115659
1622484641767,0.73340017,12.97538,1.7844474
1622484641786,0.76570326,11.463415,1.3725829
1622484641805,0.38165522,9.422338,0.46779683
1622484641825,-0.43010986,7.799106,0.64247286
1622484641848,-0.61435723,6.943373,0.94755775
1622484641864,-0.48035914,6.4441705,1.2912269
1622484641884,-0.14027923,6.148657,1.8251255
1622484641903,0.09302098,6.280262,2.3147569
1622484641922,0.46061835,6.3568325,2.786442
1622484641942,0.51206404,6.3388863,2.527718
1622484641962,0.5778667,6.2994046,2.141277
1622484641981,0.75493556,6.2048883,2.198705
1622484642000,0.87607217,5.9270215,2.5779674
1622484642020,0.83389866,6.2718873,2.64377
1622484642049,1.0459626,6.975676,3.0987053
1622484642062,1.7186449,8.065009,3.8386858
1622484642082,3.034099,9.329018,4.641777
1622484642098,4.2924247,10.610075,4.932804
1622484642118,4.3187456,10.896017,5.1003013
1622484642138,3.7190447,9.774382,5.5169516
1622484642158,3.6493537,8.85135,5.5097733
1622484642178,3.585944,7.4844503,5.3587265
1622484642197,2.7385855,6.0083776,5.990731
1622484642215,1.683949,4.619942,6.5365934
1622484642237,-0.8177471,6.239584,6.5521464
1622484642261,-3.08046,19.0696,-0.092422776
1622484642273,-3.3137603,35.38536,-7.6124663
1622484642293,3.5117664,18.03291,5.3886366
1622484642313,2.4678974,1.8690935,-0.4408776
1622484642332,-0.5341976,1.0453644,-0.4552345
1622484642352,-1.5122639,11.094622,-3.1235309
1622484642371,-0.65264237,17.588741,0.7920243
1622484642391,2.1891336,13.991732,0.78723866
1622484642412,3.2461631,8.695817,0.71306115
1622484642438,1.9232312,6.139086,-0.30329028
1622484642449,0.3290131,5.2686963,-0.21355942
1622484642469,-0.28175488,5.576473,-0.68255264
1622484642488,-0.16061822,6.324529,-0.40857446
1622484642507,0.3912265,7.0666037,0.32512477
1622484642528,0.77407813,7.496414,1.0495518
1622484642547,0.56350976,8.190632,0.24496523
1622484642566,0.33020952,9.236894,0.1061815
1622484642586,-0.14027923,9.308679,-0.9317053
1622484642606,0.57906306,9.268001,-0.5724828
1622484642632,2.2046869,12.097813,0.50009996
1622484642645,4.2708893,13.676776,0.79441714
1622484642664,7.200003,12.896417,0.44506502
1622484642684,8.945269,12.50848,1.1596217
1622484642703,6.969993,12.403196,0.7920243
1622484642723,3.5811582,11.709876,-2.4161527
1622484642741,-1.233201,10.406385,-2.7391837
1622484642762,-2.6075785,8.773583,-1.8559331
1622484642782,-1.9142581,14.99223,1.9890338
1622484642800,-0.5353941,21.302103,2.277668
1622484642844,0.32183465,20.615961,2.3219352
1622484642846,-0.71246296,14.635699,0.9403793
1622484642868,-0.5988039,10.667502,0.84825563
1622484642878,-0.4109673,9.089735,1.0399805
1622484642898,-0.6466603,8.251649,1.195514
1622484642917,-0.29012975,7.4102726,0.87218386
1622484642938,-0.027816564,7.1503525,0.65922266
1622484642957,0.200698,6.693323,0.8039884
1622484642976,0.6376872,5.834898,1.1979069
1622484642996,0.33140594,4.878367,1.9651057
1622484643020,-0.1582254,3.867998,1.7389839
1622484643034,0.18753748,3.1127632,2.1843479
1622484643065,1.0567303,2.295315,3.1645079
1622484643073,1.5523437,1.8822541,3.4519458
1622484643093,1.7485552,2.1095722,5.0572305
1622484643112,2.181955,3.015854,7.2909307
1622484643132,3.356233,5.8971114,5.916553
1622484643151,4.4072804,13.141681,3.0783663
1622484643172,5.5205407,20.528624,3.903292
1622484643190,3.1097722,16.931614,8.42812
1622484643219,0.31585258,10.825429,10.362417
1622484643230,0.8602197,12.052348,7.3256264
1622484643250,-2.5094728,16.321144,-2.513062
1622484643269,-7.3118677,18.935303,-4.1315074
1622484643288,0.54675996,8.073383,3.8877387
1622484643307,-0.44685963,3.7483566,2.483451
1622484643327,-0.21206391,5.137091,-0.23748764
1622484643347,1.3007982,10.381261,-2.818147
1622484643367,0.86889374,15.296418,-2.993122
1622484643385,1.9507487,12.905988,0.5515456
1622484643406,2.1424735,8.480463,0.7178468
1622484643424,1.5200406,5.9820566,-0.6948159
1622484643444,0.5276174,5.7523456,-0.6239285
1622484643464,0.37806597,6.5494547,-0.5712864
1622484643483,0.6891329,7.9597244,-0.34396824
1622484643502,1.1452647,8.4146595,0.6855437
1622484643525,1.5020944,7.7345,0.3059822
1622484643541,1.9004993,7.4712896,0.33230326
1622484643561,2.3721845,8.436195,0.16241284
1622484643584,2.0659032,9.423533,-0.46002015
1622484643602,1.7006987,9.928719,-0.6095716
1622484643620,2.231008,9.944272,-0.06849455
1622484643639,3.0113673,11.210972,0.9415757
1622484643661,2.7732813,13.1847515,1.771287
1622484643678,3.664907,12.434303,0.41724846
1622484643699,5.1409793,11.281561,0.54436713
1622484643717,4.319942,10.659127,1.2314063
1622484643738,2.3925235,8.809476,-1.5014962
1622484643750,-1.3695918,6.3568325,-2.9006991
1622484643766,-4.1671004,9.061021,0.95353985
1622484643786,0.71665037,18.32603,0.96789676
1622484643806,2.5444677,23.940191,-0.28414768
1622484643824,2.379363,19.066011,1.8071793
1622484643852,0.6089734,13.30559,1.3450655
1622484643864,-1.1805589,11.62852,0.31316066
1622484643884,-1.835295,10.46501,1.343869
1622484643903,-1.8125632,9.34816,2.277668
1622484643923,-1.4273187,8.807083,1.5161523
1622484643942,-0.35712877,7.8783684,1.2672987
1622484643963,0.6903293,7.0749784,0.7609176
1622484643997,0.8039884,5.9090757,0.6412765
1622484644003,0.4127619,4.3061833,0.14087744
1622484644019,0.18634106,2.5549364,-0.33200413
1622484644040,-0.10917253,1.2466606,1.5376877
1622484644075,0.38763726,0.67088765,3.3550365
1622484644078,0.7477571,1.9492532,4.9986067
1622484644098,1.3019946,3.8656049,6.339185
1622484644118,2.1197417,6.4645095,6.9113693
1622484644137,3.5464623,11.478969,5.563612
1622484644156,3.6625142,15.67598,6.8024955
1622484644193,0.4426722,16.173687,9.1211405
1622484644195,-2.3548367,15.254543,8.840881
1622484644215,0.9179466,16.477875,3.6266217
1622484644234,-0.0062811594,14.566308,-2.1215365
1622484644258,-4.758726,11.167901,1.4563317
1622484644273,-1.355235,6.096912,4.3821554
1622484644292,-0.90538424,3.1893334,3.693621
1622484644312,1.3498511,6.0933228,1.9531415
1622484644332,5.4355955,11.451451,-4.7563334
1622484644351,4.2541394,14.289638,-1.05015
1622484644377,4.9136615,12.701102,3.7247276
1622484644390,3.952345,8.570193,2.1003
1622484644410,1.2014961,5.9760747,-0.03619144
1622484644429,-0.85034937,6.3544397,-0.62751776
1622484644462,-1.2655041,7.409076,-0.10199407
1622484644468,-0.6466603,8.321041,0.6556334
1622484644489,0.27726832,8.572586,0.9834501
1622484644507,0.9741779,7.9022965,0.73340017
1622484644528,1.0124631,7.5897346,0.23898315
1622484644546,1.2900305,7.810173,-0.19322042
1622484644581,1.2469597,8.140383,-0.20877378
1622484644585,0.38644084,9.427123,0.26051855
1622484644604,-0.38464624,9.355338,0.2760719
1622484644623,-0.27816564,10.454242,-0.039780676
1622484644653,1.797608,13.90888,0.39571303
1622484644662,5.070391,14.222639,0.37776688
1622484644682,8.595617,11.990135,0.5084748
1622484644702,7.797312,11.020444,0.18753748
1622484644722,4.364209,10.372886,-2.8492537
1622484644741,-0.4660022,8.798708,-1.0597214
1622484644782,-3.0299118,8.98804,0.25573292
1622484644782,-2.1837497,18.366709,2.1508484
1622484644799,-0.61675006,25.794628,0.14207384
1622484644819,1.122533,18.026928,1.1763715
1622484644839,0.21864417,12.721441,1.1273186
1622484644858,-0.9448658,10.860125,0.3167499
1622484644879,-1.2702898,9.812667,1.6181463
1622484644899,-1.8029919,9.390035,1.7952151
1622484644917,-2.1502502,8.540283,0.94277215
1622484644938,-0.67417777,7.271489,1.3450655
1622484644967,0.090628155,6.4142604,0.40648076
1622484644977,0.6149554,5.311767,0.16241284
1622484644995,0.6149554,3.9113677,0.57547385
1622484645014,0.43669012,2.8268209,1.8466609
1622484645033,0.59940207,2.248655,3.0149565
1622484645055,0.46061835,2.5238297,4.0887356
1622484645072,0.62931234,2.920141,5.393422
1622484645092,1.1321042,3.4540396,6.7965136
1622484645111,1.4036896,4.860421,7.676175
1622484645131,2.513361,8.110473,6.9006014
1622484645159,5.139783,13.552349,5.7693944
1622484645170,3.5596228,15.457933,6.4145594
1622484645190,1.270888,10.585847,8.163414
1622484645209,2.6165516,3.8644085,7.3160553
1622484645229,0.6831509,4.9322057,5.8423758
1622484645259,-4.0307097,14.907285,-0.99990076
1622484645267,-6.921539,28.128826,-7.0666037
1622484645287,-3.3795629,23.32733,1.0196415
1622484645307,4.8885365,7.9334035,4.5616174
1622484645325,2.7828526,2.3551357,-0.21714866
1622484645354,1.0100702,1.2239288,1.343869
1622484645365,0.74895346,7.468897,-2.3021946
1622484645384,1.1249257,13.201502,-2.085644
1622484645404,1.7018951,12.861721,0.06430711
1622484645424,2.2334008,9.141181,0.38255253
1622484645443,1.5942181,6.565008,0.34546378
1622484645463,0.81236327,5.8683977,0.32392836
1622484645482,0.4941179,6.8452673,0.8470592
1622484645503,1.1703894,7.698608,1.1500504
1622484645522,2.2334008,7.8173513,0.6257231
1622484645548,2.9682965,8.047063,0.4869394
1622484645560,2.6620152,8.604889,0.19471595
1622484645583,2.0144575,8.880064,-0.0529412
1622484645599,1.0806586,9.223733,0.03798606
1622484645619,0.33379877,9.138788,-0.4552345
1622484645640,0.38165522,9.994521,-0.12472588
1622484645666,0.43908295,12.471392,0.38255253
1622484645677,2.0264218,13.5379925,1.3713865
1622484645698,4.7506504,12.902399,1.0890334
1622484645717,6.8096743,11.73171,1.1476575
1622484645749,6.0041904,10.936695,0.6687939
1622484645765,4.0552363,10.15155,-2.8552356
1622484645784,-1.4823537,8.9521475,-2.905485
1622484645804,-4.3683968,10.273584,0.018843478
1622484645823,-3.1857443,18.56322,1.4718851
1622484645843,-1.0130613,22.828127,-0.10199407
1622484645862,0.4223332,18.68645,3.4052858
1622484645882,0.8602197,14.038391,1.4718851
1622484645901,1.0339985,10.536795,-0.82283187
1622484645921,0.22462623,8.6910305,-0.4648058
1622484645941,-0.2973082,7.5622168,0.7465607
1622484645960,-1.3301103,7.0247293,1.0423734
1622484645981,-1.4321043,6.9684978,0.70588267
1622484645999,-0.39541394,6.762715,1.2242279
1622484646018,-0.0026919255,6.148657,1.4072788
1622484646038,0.317049,5.076074,1.5810575
1622484646057,0.24376881,3.4683964,2.4655046
1622484646077,0.0056829536,1.864308,3.5428731
1622484646096,0.17318054,1.6369898,3.7989051
1622484646116,0.49172506,2.7212377,4.6154556
1622484646141,1.2098709,3.6323047,6.378667
1622484646155,2.3422742,5.4242296,8.333603
1622484646175,4.304389,9.015557,7.092027
1622484646194,6.128617,14.071891,6.198009
1622484646214,3.4710884,14.85584,6.419345
1622484646234,0.8856435,12.032009,8.413763
1622484646258,-0.32004002,12.504891,10.425827
1622484646272,1.1476575,18.285353,1.1572288
1622484646292,-5.105685,17.58276,-4.670192
1622484646312,-2.7128627,10.298709,2.7684958
1622484646346,-1.0357931,4.042973,4.343571
1622484646350,-2.077269,2.999104,2.9072795
1622484646370,0.45104706,8.222935,0.2641078
1622484646389,2.9922247,14.150854,-6.1902323
1622484646409,2.2549362,14.866607,0.097806625
1622484646428,4.195216,11.280364,3.3526437
1622484646460,3.0747771,6.951748,1.2852448
1622484646467,1.2996018,5.287839,-0.55334026
1622484646486,0.48215377,5.645865,-0.2865405
1622484646507,0.6197411,7.0666037,0.14327025
1622484646526,0.898804,8.8034935,1.1883355
1622484646545,1.6061822,8.76162,1.5305092
1622484646564,1.2553346,8.1942215,1.3857434
1622484646584,1.1751751,7.867601,0.86141616
1622484646604,1.4338989,7.6902328,0.10857433
1622484646624,1.2912269,7.928618,-0.11874382
1622484646643,0.41635114,9.437891,-0.8324032
1622484646671,-0.44805604,10.067801,-1.0130613
1622484646682,0.22821546,12.348162,0.28923243
1622484646703,2.2836502,13.624134,1.6157535
1622484646738,5.3685966,12.360126,1.067498
1622484646741,7.048059,12.097813,0.33349967
1622484646760,6.248258,11.689537,-0.12233306
1622484646779,2.7984061,12.612568,-1.829612
1622484646799,-1.3109677,11.105389,-1.2634103
1622484646819,-2.3967109,7.932207,-0.22073789
1622484646839,-2.5007987,11.979367,1.2888341
1622484646871,-1.34686,18.328423,2.2154546
1622484646877,-0.2527419,18.710377,0.6448657
1622484646897,0.5766702,14.052749,0.6113662
1622484646939,0.2533401,11.529218,2.0428724
1622484646939,-0.15702899,10.025628,1.762912
1622484646954,-0.77826554,9.431909,0.9056834
1622484646974,-1.3600205,8.528319,0.46181476
1622484646994,-0.9604192,7.20778,1.1775678
1622484647014,-0.4636094,6.671489,1.0423734
1622484647033,0.30388847,5.844469,1.0507482
1622484647073,0.34217364,5.0772705,1.811965
1622484647073,0.54675996,4.093222,2.335096
1622484647092,0.5132605,3.5389848,2.4475584
1622484647112,0.44027936,3.4492538,3.2617164
1622484647130,0.58265233,3.3690944,4.086343
1622484647150,0.8712866,4.004688,4.938786
1622484647169,1.5379868,5.049753,6.2374907
1622484647190,2.3805594,6.9852476,6.451648
1622484647209,3.714259,10.728519,4.5388856
1622484647228,3.754937,14.819947,5.0644093
1622484647247,3.0448668,14.429618,7.4512496
1622484647271,1.2194422,10.800304,9.645468
1622484647287,0.77766734,6.9409804,9.216854
1622484647313,0.7968099,10.55833,6.1657057
1622484647325,-3.0972097,21.302103,-1.9289142
1622484647345,-2.9557343,19.221544,-3.3807592
1622484647364,2.2477577,8.07458,4.857131
1622484647386,0.77407813,2.5848467,2.1098714
1622484647403,-0.4779663,2.539383,1.6097715
1622484647423,1.3103695,7.8233337,-0.17527425
1622484647442,2.1017957,14.033606,-2.5896323
1622484647471,1.9674984,14.705091,0.30957142
1622484647481,2.4116662,10.432707,2.2178476
1622484647503,2.0204396,6.9912295,1.0220344
1622484647521,1.0782657,5.9449677,0.0032901312
1622484647540,0.57906306,6.811768,-0.2757728
1622484647559,0.6041877,8.2253275,0.16360925
1622484647579,1.1536397,8.55464,0.8602197
1622484647599,1.5535401,8.163115,0.9272188
1622484647619,1.4327025,8.251649,0.72263247
1622484647642,1.5583258,7.8783684,0.64008003
1622484647674,1.7114664,7.466504,0.4426722
1622484647677,1.8239291,7.513164,0.49172506
1622484647703,1.5260227,9.260822,-0.16211374
1622484647716,0.6987042,10.202995,-0.40737805
1622484647735,0.3481557,10.691431,0.061914288
1622484647749,1.0686945,12.691531,0.721436
1622484647764,3.0951161,12.658031,-0.007477571
1622484647784,5.1828537,12.279667,0.58983076
1622484647803,5.962316,12.375679,0.8769695
1622484647823,5.2079782,12.27847,-0.3044867
1622484647842,2.1364915,11.618949,-1.7862421
1622484647862,-0.50189453,8.212168,-1.9839491
1622484647882,-2.2579272,8.876474,0.8805587
1622484647905,-1.8245273,13.249358,1.154836
1622484647920,-0.3930211,16.579569,0.2114657
1622484647940,0.63170516,17.378174,1.8047864
1622484647959,1.6480566,15.658033,1.5858432
1622484647979,1.2780664,12.726227,1.0435698
1622484647998,0.32183465,10.656734,1.000499
1622484648019,-0.62871414,9.702597,0.9272188
1622484648038,-0.9616156,8.35454,1.1871392
1622484648064,-1.1973087,7.2678995,0.7896315
1622484648078,-0.8599206,6.1378894,0.7932207
1622484648096,-0.5808577,5.0796633,1.5702899
1622484648115,-0.24795625,4.4835515,2.141277
1622484648135,0.19471595,4.113561,2.4487548
1622484648155,0.40917268,4.0680976,3.351447
1622484648174,0.9622138,3.8982072,4.6728835
1622484648193,1.2182459,4.4114676,5.1816573
1622484648213,2.1999013,5.061717,6.032605
1622484648232,3.3837504,6.136693,6.620641
1622484648252,4.9938207,8.418249,6.913762
1622484648276,6.268597,11.420344,7.38784
1622484648291,4.820341,12.28206,7.1638117
1622484648310,1.602593,13.032807,8.437691
1622484648330,1.4781662,16.24577,10.1853485
1622484648350,0.72263247,18.706789,0.21864417
1622484648369,-2.0832512,7.877172,0.3047858
1622484648389,-3.7124643,2.8938198,2.9132617
1622484648408,-4.5035915,3.615555,6.2255263
1622484648428,-0.20249261,9.223733,0.7477571
1622484648447,1.2637094,14.567504,-6.5027947
1622484648477,2.8845477,15.365809,1.649253
1622484648486,4.2948174,12.412767,2.853441
1622484648507,2.9371898,7.830512,1.9686948
1622484648525,1.2792628,5.460122,0.09302098
1622484648545,0.5383851,5.784649,-1.1350952
1622484648564,0.9957133,7.309774,-0.3930211
1622484648583,1.3594223,8.574979,0.72382885
1622484648603,1.410868,8.990433,1.23021
1622484648623,1.1907284,7.948957,1.3366905
1622484648642,0.7046863,7.4593253,0.83030945
1622484648685,0.93589276,7.7572317,0.47856453
1622484648685,1.4036896,8.49482,0.3167499
1622484648701,1.4673985,8.913564,0.08943175
1622484648720,1.4721842,8.947362,0.389731
1622484648740,0.96819586,9.337392,-0.031405795
1622484648771,0.86141616,10.177871,-0.7283154
1622484648790,1.3881363,12.293126,-0.17407785
1622484648810,2.7218359,12.97538,0.22582264
1622484648828,4.989035,12.265309,0.18753748
1622484648848,6.169295,11.963814,-0.04336991
1622484648895,4.8394837,12.137294,-0.48873404
1622484648895,1.5559329,12.837494,-1.7264216
1622484648906,-0.14985052,10.279566,-2.6650062
1622484648925,-1.8340986,10.279566,-0.6263213
1622484648944,-1.3313067,15.557236,1.1440684
1622484648964,-1.0214362,17.886648,0.43788654
1622484648984,-0.88384885,15.538093,1.0902299
1622484649003,-1.1769696,13.576278,0.92602235
1622484649025,-1.1997014,11.02164,1.4467604
1622484649043,-1.2738789,9.138788,1.1883355
1622484649093,-1.3360924,8.640781,0.33589247
1622484649093,-1.2463615,7.91785,0.26291138
1622484649101,-1.2726825,7.4389863,0.58504516
1622484649120,-0.38703907,7.0175505,0.5587241
1622484649140,-0.24197419,6.285048,1.933999
1622484649160,0.36131623,5.305785,2.350649
1622484649180,0.86141616,4.685745,3.2653055
1622484649198,1.2349956,4.2978086,4.384548
1622484649219,1.4913267,4.3277187,4.836792
1622484649241,1.1859428,4.69412,5.42094
1622484649295,1.250549,4.6031923,6.612266
1622484649295,2.1065812,5.086842,7.966006
1622484649298,3.4986057,6.04427,9.262318
1622484649315,4.6669016,7.435397,8.771489
1622484649335,5.7059846,9.792328,6.6409802
1622484649354,3.4100714,11.36172,5.695217
1622484649374,0.50129634,12.283256,8.535796
1622484649393,-0.2431706,14.689538,7.0058856
1622484649413,-3.3352957,15.460326,0.18275183
1622484649433,-2.9629126,8.677871,2.3027928
1622484649468,-2.414657,6.4142604,4.5652065
1622484649471,-1.3854443,7.926225,1.783251
1622484649491,-0.34636107,11.336596,-3.5724843
1622484649510,1.7162521,12.907185,-1.5421742
1622484649530,3.6867416,12.182757,1.9387846
1622484649549,4.060022,10.269995,1.7868403
1622484649569,2.4894328,7.732107,1.122533
1622484649588,1.602593,6.364011,-0.37986058
1622484649608,1.0818549,6.8691955,-0.054137614
1622484649628,1.1309078,7.602895,1.1500504
1622484649665,0.9311071,8.359326,0.9128618
1622484649667,0.98973125,8.129615,1.2134602
1622484649686,0.9741779,7.6399837,1.2146566
1622484649706,1.0040882,7.752446,0.74895346
1622484649725,0.9239286,8.362018,0.26650062
1622484649745,0.8856435,8.752048,0.2844468
1622484649764,0.6879365,8.850154,0.042771704
1622484649784,0.48454657,9.764811,-0.23748764
1622484649804,0.09182457,9.813863,-0.40498522
1622484649822,0.76689965,11.29831,0.16241284
1622484649877,2.2357936,13.039986,-0.10677971
1622484649877,3.7238302,12.952648,-0.018245272
1622484649881,5.3997035,12.419946,0.23539393
1622484649901,5.0596237,12.073884,-1.0680962
1622484649921,1.9363917,12.97538,-2.8133612
1622484649939,-1.7431713,11.924333,-1.5601203
1622484649959,-1.8735801,9.337392,-1.7001005
1622484649978,-2.0282164,11.890833,0.44985065
1622484649997,-1.3217354,15.48904,1.7090735
1622484650018,-0.54257256,16.024136,0.3681956
1622484650047,0.15284155,14.35544,-0.4444668
1622484650057,-0.10199407,12.029616,0.36699918
1622484650076,-0.42532423,10.202995,1.614557
1622484650095,-0.4564309,9.233304,1.2002996
1622484650115,-0.9915259,9.180662,0.4426722
1622484650135,-1.2966107,8.185846,0.78364944
1622484650155,-1.320539,7.1156564,1.2984054
1622484650173,-0.5796613,6.3568325,1.7808583
1622484650194,-0.12592229,5.8540406,2.164009
1622484650214,0.14087744,5.6889358,2.833102
1622484650249,0.76570326,5.7320065,3.0376883
1622484650252,1.3067802,5.2363935,3.8853457
1622484650271,1.4518452,4.160221,4.5819564
1622484650291,1.8335004,3.4396825,4.5101714
1622484650312,1.6612171,3.4372897,4.684848
1622484650330,1.9100707,4.162614,5.5217376
1622484650350,2.34706,5.082056,6.0361943
1622484650369,3.6026936,6.1713886,6.8706913
1622484650389,3.8997028,8.860921,5.4388857
1622484650408,4.4874396,11.449059,4.991428
1622484650442,3.4854453,11.344971,6.5832534
1622484650447,1.4877375,10.114461,8.910572
1622484650470,1.1727822,8.369196,9.536594
1622484650485,0.4331009,11.984153,7.618747
1622484650505,-3.0227332,24.538694,-3.525824
1622484650524,-5.474479,21.832413,-7.509575
1622484650544,1.6671991,7.65793,6.3607206
1622484650563,3.0317063,2.065305,2.8558338
1622484650584,0.75613195,4.275077,1.1919248
1622484650603,2.2932215,8.778369,-1.9707886
1622484650625,2.495415,13.844274,-1.43689
1622484650642,1.2098709,13.85863,0.74895346
1622484650662,1.2696915,8.737691,1.7473587
1622484650680,1.2050853,6.867999,1.2936198
1622484650700,0.07507481,7.8017983,0.3047858
1622484650720,0.6448657,8.02792,0.041575294
1622484650740,0.8039884,9.242876,0.1265205
1622484650749,1.1907284,9.639187,0.55752766
1622484650768,1.6648064,8.268398,1.0866406
1622484650788,2.088635,7.5981092,1.0268201
1622484650808,2.2465613,7.775178,0.7752745
1622484650826,2.164009,8.096115,0.7860422
1622484650849,1.750948,8.769994,0.4124628
1622484650866,1.8658035,8.63121,0.24735804
1622484650885,1.7270198,8.475677,1.0591232
1622484650905,1.7150556,8.785547,0.8769695
1622484650924,1.5284154,9.464211,0.16600206
1622484650945,-0.0840479,9.581759,-0.8766704
1622484650963,1.5080764,10.536795,0.30239296
1622484650983,1.8370895,11.593824,0.027218357
1622484651009,3.2066815,12.231811,-0.74865437
1622484651022,2.8235307,12.940684,-1.8041883
1622484651042,1.5894325,14.181961,-3.0732815
1622484651060,-0.61076796,13.997713,-2.2268205
1622484651082,-1.8376877,13.187144,-2.6386852
1622484651099,-1.9540387,13.404892,0.5192425
1622484651119,-4.0701914,13.181163,0.95473623
1622484651139,-1.6474584,12.685549,1.5568303
1622484651158,0.78843504,11.826227,2.1807587
1622484651178,2.664408,8.359326,0.93320084
1622484651220,2.3518455,8.118847,0.57188463
1622484651220,1.2864413,9.059825,0.3382853
1622484651237,1.0998011,10.253245,0.7908279
1622484651266,0.567099,9.628419,0.44147578
1622484651275,0.73579293,10.016056,2.1026928
1622484651295,-0.7423732,9.358928,1.3235301
1622484651315,-4.735695,9.330214,0.16002001
1622484651334,-2.1801605,9.380463,1.3079767
1622484651355,-1.2619148,8.699406,2.2046869
1622484651374,-0.61914283,8.311469,3.0999017
1622484651402,-0.31046873,8.185846,2.5444677
1622484651412,0.81954175,9.025128,1.9950159
1622484651432,0.14446667,7.6722865,1.3713865
1622484651461,-0.090029955,6.773483,0.9200403
1622484651471,0.102592275,6.4202423,2.2956142
1622484651490,-0.38344982,6.07418,4.307679
1622484651510,0.4749753,6.9385877,4.5281177
1622484651529,2.6009982,6.565008,3.266502
1622484651549,2.4678974,6.89432,3.35384
1622484651568,0.7286145,8.355737,4.4168515
1622484651602,0.4761717,8.149954,2.9180472
1622484651607,-0.7256235,8.159525,2.705086
1622484651627,-1.038186,9.598509,4.9519463
1622484651646,1.0184451,12.746566,4.1401815
1622484651666,-0.4636094,15.019748,-3.7914274
1622484651685,-1.8185452,15.583556,-1.0561321
1622484651705,0.6843473,11.304293,1.4670994
1622484651725,1.0172487,9.165109,0.86261255
1622484651744,1.0363913,8.498408,0.5168497
1622484651764,0.552742,9.652348,-0.48753762
1622484651801,-0.01585245,10.793126,-1.7228323
1622484651803,0.61734825,11.583056,-1.591227
1622484651822,1.0746765,11.050354,-0.5844469
1622484651841,1.0268201,10.083355,0.4426722
1622484651861,0.802792,9.54467,0.0738784
1622484651880,1.4374882,10.4566345,-0.055334024
1622484651900,-0.15104693,10.175478,0.389731
1622484651920,-0.7531409,10.506885,0.73100734
1622484651939,-0.25393832,11.452647,-0.4971089
1622484651959,0.8542377,12.055938,0.40767714
1622484651986,1.4012967,12.288041,-0.42771706
1622484651997,1.6671991,10.110872,-0.0840479
1622484652017,-1.34686,13.2050905,-0.88265246
1622484652036,-1.2008978,10.64836,-1.9755741
1622484652070,-0.62512493,9.183055,2.845066
1622484652075,-1.1853445,8.097312,0.07148558
1622484652095,-2.2040887,7.59452,0.7118647
1622484652114,-2.1705892,8.5067835,-0.1477568
1622484652134,-1.8113668,9.195019,-0.4660022
1622484652153,-1.4057833,10.41835,-1.9995024
1622484652179,-1.00349,11.734103,-1.1015958
1622484652192,-0.9448658,12.829119,-2.1131616
1622484652212,0.42831525,12.543177,-0.18005991
1622484652233,0.22582264,11.950654,0.41365921
1622484652273,1.0866406,14.634503,3.4112678
1622484652273,1.2936198,13.685151,-1.4392828
1622484652292,2.3279173,12.551551,2.8558338
1622484652309,-0.24436702,11.724233,0.86261255
1622484652329,-2.5178475,9.8988085,0.17557336
1622484652349,-2.423032,8.864511,0.6233303
1622484652376,-2.3524437,9.643972,-0.42532423
1622484652387,-1.8711873,9.575777,-1.282553
1622484652407,-1.943271,9.354142,1.236192
1622484652426,-2.1598215,8.509176,0.8111669
1622484652446,-0.7052845,9.345767,-2.2328026
1622484652470,-1.7228323,8.719745,-0.5988039
1622484652485,-2.1837497,8.136793,0.83030945
1622484652504,-2.7320054,8.578568,0.4977071
1622484652524,-2.8612177,9.332606,-1.7599211
1622484652544,-2.7523441,9.300303,-2.7068806
1622484652570,-2.8719854,8.493623,-1.8966111
1622484652583,-3.871587,7.381559,1.3725829
1622484652601,-4.956134,6.8572316,0.56350976
1622484652621,-5.8022957,6.9158554,-1.5158532
1622484652641,-6.459724,5.6147585,-0.65982085
1622484652675,-8.182257,4.9405804,0.59581286
1622484652680,-6.9705915,4.2068815,1.0160524
1622484652700,-6.7468624,4.78744,-0.9987044
1622484652719,-6.189036,5.1729836,-2.5298119
1622484652739,-6.9323063,4.738387,0.0738784
1622484652774,-7.647162,4.8675995,1.5568303
1622484652787,-7.1503525,5.1275196,1.1644074
1622484652806,-5.391927,7.663912,-1.3842479
1622484652826,-4.4341993,8.315059,0.16719848
1622484652846,-6.1842504,6.1570315,1.0986047
1622484652865,-5.823831,5.749953,2.8558338
1622484652885,-8.071888,6.192924,1.6061822
1622484652904,-5.531907,5.989235,2.670091
1622484652938,-2.9617162,5.8803616,2.9970105
1622484652943,-4.555037,5.4206405,3.7414773
1622484652963,-5.2719865,5.6063833,5.855536
1622484652983,-6.13759,5.1215377,7.810472
1622484653001,-4.8436713,4.2690945,8.665009
1622484653021,-3.6224344,3.6885362,10.847263
1622484653047,-2.0509481,3.1283164,11.928221
1622484653060,-2.0676978,2.8686953,10.884352
1622484653082,-1.7850457,2.6841488,10.192527
1622484653101,-1.1422737,2.5704896,9.780663
1622484653119,-0.09361918,2.024627,9.939785
1622484653138,0.92273223,1.7542381,9.686146
1622484653158,0.2724827,1.6334006,11.047064
1622484653177,0.37686956,2.0521445,10.479666
1622484653197,-0.28175488,2.5345974,9.899107
1622484653217,0.45104706,2.2797618,10.197312
1622484653235,1.8681962,2.2546372,8.950054
1622484653255,1.899303,2.3288147,8.962018
1622484653275,1.0794622,2.6458635,9.495916
1622484653294,-0.07208378,2.9955149,9.297013
1622484653313,0.35174492,3.1749766,9.060123
1622484653333,0.60658056,2.862713,9.804591
1622484653353,0.30508488,2.8806593,10.67498
1622484653373,0.26171497,2.9416764,10.360024
1622484653392,0.55752766,3.3140593,9.336494
1622484653411,0.24496523,3.4372897,8.407781
1622484653431,0.24616162,3.4109688,8.596813
1622484653454,-0.48993045,3.4121652,9.129516
1622484653470,-0.895813,3.51386,9.57488
1622484653490,-0.048155557,3.2072797,8.950054
1622484653509,0.32422748,3.2527432,8.382656
1622484653529,-0.03379862,3.353541,8.855537
1622484653553,-0.52342993,3.4839497,9.373584
1622484653568,-0.69571316,3.493521,9.146265
1622484653587,-0.83718884,3.5198421,8.923733
1622484653607,-1.0812567,3.6251264,8.765508
1622484653626,-0.9592228,3.4229329,9.165408
1622484653653,-0.35353956,3.2599218,9.073284
1622484653665,-1.0334003,3.4564323,9.246764
1622484653684,-1.3133606,3.6000016,9.176176
1622484653704,-0.9879367,3.4444683,9.034999
1622484653723,-1.1626127,3.4983068,9.055338
1622484653747,-1.2008978,3.4372897,9.28146
1622484653762,-1.1566306,3.295814,9.628718
1622484653781,-0.9711869,3.2443683,9.420543
1622484653801,-0.8117651,3.2336006,9.046964
1622484653821,-1.2236297,3.3810585,9.41815
1622484653847,-1.8580267,3.920939,7.6737823
1622484653859,-2.4996023,3.7088752,9.724431
1622484653879,-2.201696,3.4492538,10.93819
