1622486807958,-0.3048128,-0.2661767,0.0076355906
1622486807977,-0.20219044,-0.140953,0.17745113
1622486807996,-0.07941014,0.19928892,0.23975755
1622486808016,0.011606098,0.61161083,0.30450734
1622486808035,0.076355904,0.9964446,0.32405448
1622486808054,0.014660334,1.1253333,0.28129515
1622486808074,-0.21562909,0.946966,0.15668233
1622486808093,-0.46851984,0.6134434,-0.019852536
1622486808120,-0.8405258,0.41980478,0.07666133
1622486808133,-1.3114891,0.5951179,0.4199575
1622486808155,-1.7684028,1.2340642,0.68323267
1622486808172,-2.1179602,1.6842586,0.79257435
1622486808194,-2.2572334,1.6408885,0.82372755
1622486808210,-2.03855,1.3879976,0.74492824
1622486808230,-1.5381134,1.2493354,0.59282726
1622486808249,-0.98712915,0.9885036,0.5048653
1622486808269,-0.5882459,0.72156334,0.4651602
1622486808290,-0.3567348,0.96468055,0.3814741
1622486808314,-0.3164189,1.4900092,0.5347968
1622486808327,-0.37017342,2.270672,0.9214631
1622486808347,-0.29565006,3.1345627,1.4516785
1622486808366,0.46851984,2.5658638,2.057639
1622486808385,2.0219045,2.3574123,1.8914886
1622486808405,2.6254215,2.306101,1.5549117
1622486808425,2.5942683,2.2248585,1.4834425
1622486808444,2.3285499,2.118571,1.7619889
1622486808464,1.9779234,2.155222,2.2054641
1622486808484,1.423885,2.4881337,2.3429046
1622486808503,1.1178505,2.1277337,2.0790186
1622486808522,1.2687298,1.4209834,1.4877185
1622486808541,1.8490347,0.28786176,1.1346488
1622486808561,2.3181653,0.17241164,1.0790616
1622486808582,1.5057385,0.11743539,0.7314896
1622486808600,0.55770355,-0.024892027,0.733933
1622486808620,-0.23884128,0.29641363,0.8194516
1622486808640,-0.35123718,1.1326635,0.70888823
1622486808659,-0.25044736,1.6011834,0.83960956
1622486808681,-0.47523916,0.7276718,1.1462549
1622486808698,-0.43919918,-0.0981937,1.3600514
1622486808717,-0.13744064,-0.184934,1.1242644
1622486808737,0.1227803,0.0361927,0.5244124
1622486808766,0.4043809,0.11560284,0.42728767
1622486808786,0.58213747,0.019088976,0.54090524
1622486808805,0.3426853,-0.110410646,0.6844544
1622486808825,-0.05131117,0.08933641,0.5555656
1622486808844,-0.4300365,0.33123192,0.14629792
1622486808864,-0.67009944,0.24571331,-0.19150062
1622486808883,-0.6566608,0.1357608,-0.47737715
1622486808908,-0.4422534,0.14064758,-0.872748
1622486808922,-0.25533417,0.3208475,-1.1323581
1622486808942,0.08124269,0.65559185,-1.0871555
1622486808961,0.39827242,0.69835114,-0.9191724
1622486808980,0.6413896,0.4301892,-0.6844544
1622486809000,0.69758755,0.019088976,-0.27946264
1622486809019,0.6755971,-0.2832804,0.21898875
1622486809039,0.6542174,-0.34986275,0.5506788
1622486809058,0.759894,-0.1421747,0.37903073
1622486809078,1.0793672,0.13759334,-0.2403684
1622486809097,1.315765,0.072232686,-0.5989357
1622486809117,1.3573027,-0.094528615,-0.68262184
1622486809136,1.3292036,-0.26128992,-0.67529166
1622486809161,1.2668972,-0.2557923,-0.5048653
1622486809176,1.2620105,-0.07437065,-0.35520768
1622486809195,1.2943853,0.22066857,-0.14813046
1622486809214,1.2601779,0.3697153,0.028404398
1622486809235,1.1538905,0.5089885,0.21471281
1622486809254,0.94925666,0.71789825,0.4602734
1622486809274,0.75806147,0.8980982,0.5622849
1622486809295,0.4770717,1.083185,0.62398046
1622486809312,0.02443389,1.2633848,0.74798244
1622486809332,-0.40499175,1.2303991,0.74492824
1622486809364,-0.6847598,1.2719367,0.7791357
1622486809371,-0.7818845,1.4087665,0.8561024
1622486809391,-0.73607093,1.5132214,0.92573905
1622486809410,-0.5051707,1.5083346,1.0405782
1622486809430,-0.20219044,1.5425421,0.9770502
1622486809448,0.05619795,1.4979502,0.81212145
1622486809468,0.26877278,1.4753488,0.65513366
1622486809487,0.3891097,1.3201936,0.58488625
1622486809509,0.38666633,1.3501252,0.5958815
1622486809526,0.263886,1.4258702,0.62398046
1622486809546,0.17775655,1.3000357,0.7009472
1622486809565,0.09101624,1.2316208,0.8945858
1622486809585,0.058641337,1.3531793,0.84266376
1622486809604,-0.19058435,1.4991719,0.67529166
1622486809624,-1.0231692,1.4222051,0.54884624
1622486809644,-1.7818414,0.9823951,0.52135813
1622486809664,-1.9738002,1.0520316,0.49570256
1622486809686,-1.7372496,1.1656493,0.7174401
1622486809702,-1.1740484,1.3531793,0.7241594
1622486809721,-0.85885125,0.8883246,0.09193251
1622486809747,-1.0995251,0.26159534,-0.1395786
1622486809760,-0.92115766,0.032527618,0.2831277
1622486809781,-0.4263714,0.38620818,0.98315865
1622486809799,0.04703524,1.2181821,1.5207043
1622486809819,0.1123959,1.7984871,2.0466437
1622486809838,-0.08429692,1.8357487,2.4149847
1622486809859,0.060473878,1.7331264,1.8133001
1622486809877,-0.038483378,1.7392348,0.91413295
1622486809897,-0.5405998,1.5675868,0.36131614
1622486809916,-1.007898,1.402658,0.13224843
1622486809936,-1.2791141,0.8565606,0.10109522
1622486809955,-1.180157,0.023364907,-0.016187452
1622486809975,-0.5045598,-0.2557923,0.03451287
1622486809994,0.39460734,0.046577103,0.65207946
1622486810014,0.75195295,0.54136336,1.3124053
1622486810034,0.7348493,0.7551599,1.525591
1622486810053,0.5234961,0.25304347,1.237882
1622486810078,0.30969957,-0.19226417,1.1438115
1622486810093,-0.12644538,-0.696824,1.181684
1622486810112,-1.1905413,-1.2111574,0.9550597
1622486810131,-2.250514,-0.8446491,1.0607363
1622486810153,-3.2443626,0.1797418,1.3631057
1622486810171,-3.6291962,0.50288,0.6728483
1622486810193,-2.5278387,-0.4225536,-0.229984
1622486810210,-0.017103724,0.31962582,-0.22326468
1622486810229,0.7348493,0.36788276,0.026571855
1622486810248,0.343907,0.2560977,-0.06688777
1622486810272,0.25350162,0.5016583,-0.3130592
1622486810287,0.61634487,0.8913789,-0.19027892
1622486810306,0.6774296,0.6183301,-0.08521319
1622486810326,0.41537613,0.38804072,-0.051616594
1622486810352,0.3402419,0.45584476,0.09926268
1622486810365,0.255945,-0.23563433,0.21654536
1622486810388,-0.083686076,-1.1439642,0.12186403
1622486810404,-0.28221142,-1.8036792,0.12980504
1622486810424,0.467909,0.12476555,0.17073181
1622486810443,0.52166355,0.068567604,0.10109522
1622486810462,0.23151112,-0.19959435,-0.18050537
1622486810482,-0.7165238,0.15164283,-0.62398046
1622486810501,-0.90832984,0.27747735,-0.633754
1622486810522,-0.5741964,0.12476555,-0.40896225
1622486810542,-0.26449686,0.097277425,-0.17867282
1622486810560,-0.040926766,0.14614521,0.060779303
1622486810596,-0.08490777,0.014813046,0.06872032
1622486810599,-0.42820394,0.0013744063,0.058946762
1622486810618,-0.45691374,0.074676074,0.044286426
1622486810638,-0.03970507,0.06306998,0.057114217
1622486810657,0.37444937,0.048409645,0.0723854
1622486810678,0.6297835,0.13637166,0.11025793
1622486810697,0.58763504,0.15286453,0.15912572
1622486810716,0.41904122,0.15530792,0.08582404
1622486810736,0.48928866,0.17424418,-0.033291176
1622486810751,0.591911,0.12476555,-0.11514471
1622486810765,0.3402419,0.072232686,-0.229984
1622486810785,0.070247434,0.07773031,-0.19699824
1622486810805,0.017103724,0.08322794,-0.03268033
1622486810824,-0.027488127,0.06734591,0.09743014
1622486810844,-0.47401747,-0.3694099,-0.0839915
1622486810863,-1.1294566,-0.28511295,-0.52196896
1622486810882,-1.1868762,-0.2673984,-1.0156863
1622486810901,-0.95292175,-0.31626618,-1.1751174
1622486810921,-0.21257484,-0.07375981,-1.432895
1622486810941,0.13011047,0.06490252,-1.4261756
1622486810960,0.25716668,0.15469708,-1.145186
1622486810980,0.35612395,0.28847262,-1.0266815
1622486811000,0.4031592,0.3208475,-1.0700517
1622486811019,0.50272727,0.50226915,-0.99858254
1622486811038,0.40804598,0.3361187,-0.5702259
1622486811058,0.13255386,0.38620818,-0.27335414
1622486811083,0.20952061,0.3141282,-0.0943759
1622486811097,0.73607093,0.36421767,-0.028404398
1622486811117,0.41048935,0.39109495,0.18661384
1622486811136,0.35856733,0.28358585,0.45049986
1622486811157,0.0684149,0.282975,0.6343649
1622486811175,0.01099525,0.009315421,0.27701923
1622486811194,0.37506023,-0.85014665,-0.2171562
1622486811214,0.2858765,-0.3541387,0.033291176
1622486811235,0.27060533,-0.38956785,-0.07482879
1622486811253,0.29137415,-0.31626618,-0.18111621
1622486811281,0.3738385,-0.33581328,-0.281906
1622486811291,0.44042087,-0.28633466,-0.4126273
1622486811311,0.4538595,-0.21853061,-0.54579204
1622486811331,0.54182154,-0.31321192,-0.64047337
1622486811369,0.56503373,-0.44820917,-0.74248487
1622486811369,0.5552602,-0.5893149,-0.820826
1622486811389,0.4831802,-0.5636593,-0.7742489
1622486811409,0.3127538,-0.43110546,-0.6026008
1622486811428,-0.0012216945,-0.28266957,-0.4407263
1622486811447,-0.4831802,-0.25884652,-0.16645588
1622486811467,-1.0702044,-0.35108447,0.25380704
1622486811487,-1.6908252,-0.220974,0.6423059
1622486811506,-1.9059962,0.12843063,0.98010445
1622486811526,-2.1002455,0.30068958,1.0955546
1622486811559,-2.0116727,1.091126,0.7626428
1622486811566,-1.8337635,1.6195087,0.42117918
1622486811584,-1.8943901,1.6799827,0.48959407
1622486811604,-2.2444055,1.5199407,0.7327113
1622486811623,-2.1937053,1.3409624,0.8133431
1622486811643,-2.0874178,0.99461204,0.99965155
1622486811662,-1.9683026,0.7496623,1.125486
1622486811682,-1.8974442,0.8223531,1.1187668
1622486811701,-1.7745113,1.2499462,1.1786298
1622486811722,-1.5619365,1.466797,1.2219999
1622486811740,-1.2730057,1.7984871,1.1682454
1622486811760,-0.85457534,2.058708,0.95628136
1622486811779,-0.21379654,1.8858382,0.5464029
1622486811799,0.20585553,1.8418572,0.21043688
1622486811818,0.5204419,1.7410674,0.19699824
1622486811840,0.5662554,1.6079026,0.45477578
1622486811858,0.46057883,1.7471759,0.72599196
1622486811877,0.2987043,1.8632369,0.8646543
1622486811896,0.2522799,1.1076188,0.7962394
1622486811917,0.57969403,0.24571331,0.7583669
1622486811935,1.1661074,-0.8525901,0.7302679
1622486811956,1.5772076,-1.9417307,-0.19088978
1622486811974,0.899778,-1.2441431,-1.3351594
1622486811994,0.07513421,-0.67116845,-1.3980767
1622486812013,0.8765658,-1.404796,-0.8635853
1622486812033,1.3481399,-2.2893028,-0.56900424
1622486812052,1.9504353,-2.8709822,-0.5512897
1622486812072,2.3206089,-2.547691,-0.7614211
1622486812091,2.1098664,-1.9215728,-0.91672903
1622486812111,1.9150062,-1.3137797,-0.8495358
1622486812130,1.8001668,-0.96742934,-0.75164753
1622486812157,1.7580184,-0.71331686,-0.6600205
1622486812169,1.7629052,-0.62718743,-0.62336963
1622486812193,1.6951011,-0.6106945,-0.7895201
1622486812210,1.7073181,-0.7316423,-0.96437514
1622486812228,1.5087928,-1.3583716,-1.1030375
1622486812248,1.2314681,-1.8189504,-1.2612469
1622486812267,0.92604446,-1.2410889,-1.1537378
1622486812286,0.59924114,-0.29122144,-0.6991147
1622486812306,0.12644538,-0.5361712,-0.111479625
1622486812325,-0.8674031,-0.7078193,0.48165306
1622486812345,-1.775733,-0.5245651,0.9849912
1622486812364,-1.9004985,0.41736138,1.4400724
1622486812384,-1.6963228,1.4051014,1.845675
1622486812403,-1.4977975,1.7600037,1.5121524
1622486812423,-2.37024,1.9169914,1.5958384
1622486812442,-3.5033617,1.9774653,2.0759645
1622486812462,-3.1551788,1.5113888,1.7558805
1622486812482,-2.962151,1.4423631,1.189625
1622486812501,-3.0641625,2.0208354,0.9226848
1622486812520,-2.7214773,2.4655323,1.0185878
1622486812539,-2.0660381,2.506459,1.2604833
1622486812562,-1.2394091,2.7796605,1.3117945
1622486812579,-0.4666873,3.1486123,1.0802834
1622486812598,0.40743512,2.5463169,0.7211052
1622486812618,1.0983033,1.4032688,0.28679278
1622486812638,1.0311102,0.54197425,0.05222744
1622486812657,0.88328516,-0.8916843,-0.011911522
1622486812677,0.7818845,-1.9734948,-0.17867282
1622486812696,0.8985563,-2.0022047,-0.15973656
1622486812717,1.3579135,-2.132926,-0.14935215
1622486812735,1.1190722,-2.1940107,-0.22326468
1622486812764,0.5234961,-1.8720942,-0.10292777
1622486812784,-0.3384094,-1.8238372,0.10109522
1622486812803,-1.4458754,-1.1176977,0.30450734
1622486812822,0.120947756,-0.97964627,-0.2507528
1622486812842,0.22295925,-1.840941,-0.7907418
1622486812861,2.391467,-3.2820823,-1.3204991
1622486812881,2.5777755,-1.7798562,-1.7835213
1622486812901,2.863652,-1.6020997,-1.9692189
1622486812920,3.5436776,-1.3577608,-1.5953803
1622486812941,3.5027509,-1.3980767,-1.4707675
1622486812961,2.9406188,-0.5948125,-1.756644
1622486812979,1.7647377,-0.17393875,-1.864764
1622486812998,0.5595361,-0.00167983,-1.3938007
1622486813018,-0.26816195,-0.5948125,-0.7388198
1622486813038,-1.3615786,-0.6106945,-0.18844637
1622486813056,-1.4067812,0.25365433,0.38697174
1622486813076,-1.1099094,0.9390249,0.8090672
1622486813097,-1.6981554,1.4814574,0.7669187
1622486813116,-2.003121,1.3372973,0.8561024
1622486813135,-2.510735,1.6207305,1.3521104
1622486813161,-2.8002765,1.8363596,2.2189026
1622486813174,-2.5559375,1.7850484,2.0209882
1622486813193,-2.7935572,0.7056813,1.6605883
1622486813213,-2.6738312,0.56029963,1.8493401
1622486813232,-1.9939581,0.9970554,1.5769022
1622486813252,-1.5601039,2.158887,0.9782719
1622486813272,-1.0066763,2.427049,0.8634326
1622486813292,-0.5161659,2.5463169,0.9862129
1622486813311,-0.34818295,2.5530362,1.2012311
1622486813330,-0.087962,2.1081865,1.1285403
1622486813349,0.3103104,0.8406785,0.35887277
1622486813369,0.9266553,-0.673001,-0.30450734
1622486813388,1.8972915,-1.7456487,-0.2892362
1622486813408,2.3102243,-2.0315254,0.005803049
1622486813427,2.055501,-1.8391083,0.19699824
1622486813447,1.2424634,-1.0712733,0.32527617
1622486813466,-0.61206895,-0.39873055,0.573891
1622486813486,-2.3995607,-1.4335058,0.8725953
1622486813505,-1.7384713,-1.5190244,0.31977853
1622486813525,-0.62367505,-0.9417738,-0.44805646
1622486813544,1.1416736,-2.8868642,-0.7962394
1622486813564,3.1935096,-2.2905245,-1.6613518
1622486813583,2.7042208,-0.9857548,-2.0791714
1622486813603,2.834942,-1.3681451,-1.7144955
1622486813622,3.3847046,-1.5691139,-1.5147485
1622486813642,3.2484858,-1.2056597,-1.7896297
1622486813662,2.7176595,-0.20081604,-2.2905245
1622486813682,1.227803,-0.42927292,-2.1451428
1622486813700,0.20096874,-0.5251759,-1.1189195
1622486813720,-0.30603448,-0.8403731,-0.52685577
1622486813743,-1.0164498,-0.49280104,-0.041843038
1622486813751,-1.0201149,0.7710419,0.50975204
1622486813793,-1.3652437,1.1778662,0.8475506
1622486813793,-1.9053853,1.2444485,0.77608144
1622486813810,-2.4899662,1.498561,0.7388198
1622486813827,-3.1478486,1.722742,1.2836955
1622486813846,-3.0879855,1.4698513,2.2659378
1622486813867,-3.1081436,1.1509889,1.8554486
1622486813885,-3.186332,0.3825431,1.4351857
1622486813906,-2.9175591,0.62749285,1.7399985
1622486813925,-2.194927,1.2212363,1.7002933
1622486813944,-1.6211886,3.0887492,1.2085613
1622486813975,-0.76966757,4.341597,0.9862129
1622486813983,0.22601348,4.348927,0.91291124
1622486814006,0.9333746,3.7356365,0.7931852
1622486814022,0.8246438,2.6666536,0.4614951
1622486814042,0.62367505,0.9903361,0.0943759
1622486814061,1.0433271,-0.99980426,-0.19455485
1622486814081,1.8282659,-2.5189815,-0.03451287
1622486814100,2.2063804,-2.9699395,0.20616095
1622486814119,1.8630842,-2.668028,0.14263284
1622486814139,0.83502823,-1.3834163,0.24525517
1622486814161,-1.2412416,-0.20631365,0.76814044
1622486814178,-2.154,-2.0455747,1.1303729
1622486814197,-0.059252184,-2.5171487,-0.29656634
1622486814217,-0.16737215,-2.2624254,-1.248419
1622486814237,2.1972177,-3.5172584,-1.9325681
1622486814256,3.095774,-1.0511154,-2.4481232
1622486814277,3.0310242,-0.9936958,-2.0260277
1622486814295,2.943062,-2.0419097,-1.6650169
1622486814314,3.7959576,-2.0235844,-1.5031424
1622486814334,3.9621081,-1.2099357,-2.1573598
1622486814354,2.9296234,-0.6033644,-2.5678492
1622486814373,1.2626213,-1.2423106,-2.4517882
1622486814392,0.3151972,-0.96009916,-1.4218997
1622486814412,-0.13133216,-1.396855,-0.51097375
1622486814432,-0.9932376,-1.0498937,0.16401249
1622486814451,-1.2400199,0.3733804,0.8054021
1622486814471,-1.4061704,1.506502,1.0393566
1622486814491,-2.1087976,1.6689874,0.937956
1622486814510,-2.6414564,1.2639956,0.9349017
1622486814529,-2.9652052,1.7056383,1.6941849
1622486814563,-3.166785,1.9707459,1.9507407
1622486814568,-3.378138,1.5999616,1.4926053
1622486814588,-3.3714187,0.46806172,1.8200194
1622486814608,-2.8088284,0.6452074,1.9996085
1622486814628,-2.3488605,2.3091555,1.7943639
1622486814646,-2.0544322,3.7954993,1.5793456
1622486814667,-1.2485718,4.4552145,1.7131212
1622486814685,-0.5161659,4.7154355,1.7406093
1622486814705,6.1084726E-4,4.0960364,1.2629267
1622486814725,0.20707722,2.5579228,0.51463884
1622486814745,0.5980195,0.50654507,-0.17256436
1622486814763,1.3450856,-1.7841321,-0.22692975
1622486814789,2.1330786,-2.9968166,0.19088978
1622486814802,2.2161539,-2.827001,0.38452834
1622486814821,1.4721419,-1.8262806,0.03268033
1622486814841,0.007330167,-0.43599224,0.15362808
1622486814861,-1.6352382,-1.2545276,0.41201648
1622486814881,-1.874843,-2.919239,0.105982
1622486814900,-0.45569205,-1.9215728,-0.7290462
1622486814919,0.49722967,-3.0053685,-0.7510367
1622486814938,2.615648,-3.9411864,-1.6747905
1622486814959,3.3285067,-1.4561071,-2.4096398
1622486814979,3.0371325,-1.2490299,-2.5415828
1622486814998,3.4844255,-1.5892719,-2.2300506
1622486815017,3.8130612,-1.920962,-1.8507144
1622486815036,3.127538,-1.1494619,-2.057181
1622486815056,2.400019,-0.35841462,-2.088945
1622486815075,1.1056335,-0.4500417,-1.8018467
1622486815095,0.3927748,-0.3669665,-0.9332219
1622486815114,-0.49173203,-1.1629004,-0.4987568
1622486815138,-1.1746593,-0.02367033,0.0051922016
1622486815153,-1.1447277,0.97873,0.5561764
1622486815172,-1.5411676,0.9127585,0.7382089
1622486815192,-2.0281656,0.7704311,0.7321004
1622486815212,-2.5712087,1.4325895,1.0198095
1622486815231,-2.770345,1.7893243,1.8811041
1622486815251,-3.0446155,2.0086186,2.2726572
1622486815273,-3.1728933,0.16569231,1.745496
1622486815291,-3.4691544,-0.78112096,1.7528262
1622486815309,-3.1405184,-0.4512634,1.5194826
1622486815337,-2.3647425,1.3470709,1.5903409
1622486815352,-1.9285975,2.830361,1.3087403
1622486815367,-1.1526688,3.55788,1.3655491
1622486815387,-0.19547112,4.2389746,1.3551646
1622486815407,0.43614495,3.8107705,0.99537563
1622486815426,0.5674771,2.2737262,0.45660833
1622486815447,0.7281299,0.42163733,-0.2275406
1622486815467,1.3353121,-1.3846381,-0.26907822
1622486815485,1.9241688,-2.428576,0.15607147
1622486815504,1.807497,-2.2654798,0.44683477
1622486815523,1.1648858,-1.3192774,0.37841988
1622486815543,0.24678229,-0.5673244,0.4382829
1622486815574,-0.46180052,-2.0828364,0.7009472
1622486815582,-1.8019994,-1.7230474,0.105371155
1622486815602,-0.34573954,-1.4426686,-1.0669974
1622486815621,0.75561804,-3.7732036,-1.1940536
1622486815640,3.1947312,-2.8654845,-2.1811829
1622486815662,3.098828,-0.4317163,-2.605111
1622486815680,3.2381012,-0.65895146,-2.0901666
1622486815702,3.6004865,-2.0614567,-1.7334318
1622486815723,3.7031088,-2.0901666,-1.8690399
1622486815738,3.159302,-0.67116845,-2.3955903
1622486815767,2.1355221,-0.6497888,-2.6325989
1622486815787,0.6572716,-0.9191724,-1.8097878
1622486815806,-0.043981,-1.2270395,-0.733933
1622486815826,-0.99873525,-1.0706625,-0.1951657
1622486815846,-1.1520579,0.27747735,0.45294324
1622486815865,-1.1978714,1.218793,1.001484
1622486815884,-1.9212674,1.1998568,0.97949356
1622486815905,-2.4087234,1.3153069,0.845718
1622486815937,-2.8992338,1.9676918,1.3007993
1622486815943,-2.854642,1.7441217,2.1162803
1622486815978,-3.1057003,1.394717,1.8872126
1622486815982,-3.1166954,0.019699825,1.745496
1622486816001,-3.0837097,0.21028417,1.9250852
1622486816021,-2.585869,1.0196568,1.9501299
1622486816042,-2.11063,2.5174541,1.6996825
1622486816062,-1.532005,3.7936668,1.6721944
1622486816079,-0.7043069,5.0300217,1.809635
1622486816103,-0.005497625,5.157078,1.473669
1622486816121,0.46485478,3.3172061,0.69361705
1622486816139,0.6994201,0.8919897,-0.26296973
1622486816193,1.3701304,-1.4579397,-0.43095273
1622486816193,2.260135,-2.8929727,-0.1487413
1622486816197,2.4226203,-2.8166168,0.21043688
1622486816217,1.7256435,-2.0156434,0.13713521
1622486816236,0.19791451,-0.15011571,0.36681378
1622486816255,-2.4606454,-0.42927292,1.0796726
1622486816275,-1.5918679,-3.8147411,0.50730866
1622486816294,0.11545013,-2.0235844,-0.9032904
1622486816326,0.7427903,-3.2826931,-1.6198143
1622486816333,3.3254526,-2.1750743,-2.5134838
1622486816358,3.2961318,-0.2582357,-2.7633202
1622486816372,3.510081,-0.9625426,-2.288692
1622486816391,3.7745779,-2.2624254,-1.6277553
1622486816411,3.705552,-1.9545585,-1.6234792
1622486816431,3.015142,-0.34070006,-2.1335368
1622486816450,1.9767017,-0.12384928,-2.1817937
1622486816469,0.643833,-0.72858804,-1.3107255
1622486816489,-0.38972056,-1.5819417,-0.33688226
1622486816518,-1.0274451,-0.45553935,0.26846737
1622486816528,-1.0549332,0.76187927,0.63253236
1622486816549,-1.6083609,0.99155784,0.9501729
1622486816567,-2.2718937,0.75332737,0.6997255
1622486816586,-2.730029,0.7637118,0.6172612
1622486816606,-3.2266479,0.9952229,1.1474766
1622486816625,-3.0977592,1.2688825,2.1718674
1622486816645,-3.1154737,1.5315468,2.0179338
1622486816664,-2.914505,0.17546588,1.6941849
1622486816684,-2.8974013,0.4705051,1.9342479
1622486816703,-2.419108,1.4704621,1.9153116
1622486816723,-1.8888924,2.9525301,1.7021259
1622486816750,-1.1911521,4.30067,1.7473286
1622486816761,-0.42209545,5.1631866,1.8346797
1622486816781,0.22051586,4.3751936,1.3789877
1622486816801,0.5387673,1.7575603,0.2391467
1622486816820,1.2632321,-0.8141067,-0.39857784
1622486816839,2.407349,-2.4255219,-0.5207473
1622486816859,2.7543104,-2.4469013,-0.25502872
1622486816879,2.2167647,-2.184237,-0.1951657
1622486816902,1.2699515,-1.3107255,0.05833591
1622486816918,-0.57236385,0.042301174,0.6105418
1622486816942,-2.390398,-2.1384234,0.9849912
1622486816975,-1.5747643,-2.4016988,0.58061033
1622486816977,-0.22784603,-1.8513253,-0.5121954
1622486816996,0.7183564,-3.0579014,-1.0187405
1622486817015,3.1244838,-2.4029205,-2.132926
1622486817035,3.3779852,-0.17882554,-2.4181917
1622486817055,3.2179434,-1.4671024,-2.2135577
1622486817076,3.534515,-2.1738527,-1.6094298
1622486817103,3.7202125,-1.9820466,-1.7065545
1622486817113,3.1507502,-0.80799824,-2.268534
1622486817137,1.9205037,-1.1781716,-2.500656
1622486817152,0.5131117,-1.3467655,-1.7529789
1622486817172,-0.06963659,-1.4383926,-0.9045121
1622486817194,-0.7116371,-1.4090719,-0.29656634
1622486817211,-0.9046648,-0.071927264,0.43889377
1622486817230,-1.111742,0.97567576,1.0717316
1622486817250,-1.855754,1.2572764,1.1114366
1622486817269,-2.4215512,1.2939272,0.90435934
1622486817288,-3.1014242,1.6952538,1.2195566
1622486817308,-3.0995917,1.6818153,2.0845163
1622486817338,-3.2523036,1.5376552,1.9861698
1622486817355,-3.1912189,-0.031000499,1.6245483
1622486817366,-3.2553577,-0.34192175,1.825517
1622486817386,-2.7929463,0.28419667,1.9073706
1622486817405,-2.2437947,1.9475337,1.7265598
1622486817425,-1.7238109,3.2280223,1.5469707
1622486817444,-0.8985563,4.2511916,1.6947957
1622486817464,-0.18569757,4.5315704,1.5726262
1622486817487,0.014660334,3.5780377,0.997819
1622486817503,0.2522799,1.3635638,0.105371155
1622486817522,1.079978,-1.020573,-0.6991147
1622486817553,1.9143953,-2.3858166,-0.65207946
1622486817562,2.2179863,-2.4010878,-0.18844637
1622486817581,1.7531316,-1.6943376,-0.15912572
1622486817600,0.61206895,-0.7902836,-0.12980504
1622486817620,-0.28343314,-1.9056908,0.2275406
1622486817639,-1.8895032,-2.2673123,0.4743229
1622486817660,-1.4244958,-1.0505046,-0.4987568
1622486817688,0.10384403,-2.4933257,-0.8018897
1622486817698,2.0274022,-3.931413,-1.0462286
1622486817721,3.3138463,-0.4524851,-1.9857117
1622486817737,2.9931517,-0.11346488,-2.1164331
1622486817753,3.3700442,-1.0902096,-1.9857117
1622486817766,3.8069527,-1.6271443,-1.8079551
1622486817786,3.541845,-1.224596,-2.0816147
1622486817805,2.9693286,-0.5630485,-2.3907034
1622486817825,1.5210097,-1.0621107,-2.3552742
1622486817844,0.05375456,-1.0590564,-1.4780977
1622486817869,-0.5625903,-1.6216468,-0.92894596
1622486817884,-1.0378295,-0.6717793,-0.32405448
1622486817904,-0.9504783,0.81929886,0.37170056
1622486817922,-1.4428213,1.0520316,0.9263499
1622486817941,-2.1014674,0.90420663,0.77974653
1622486817961,-2.5846474,1.4338112,0.91046786
1622486817981,-2.5547159,2.1081865,1.7760384
1622486818000,-2.6976542,1.498561,1.9983869
1622486818021,-2.7343051,-0.5893149,1.6196615
1622486818039,-2.9493232,-1.3473763,1.6001143
1622486818059,-2.6787179,-0.70537585,1.6202724
1622486818079,-2.0098403,0.950631,1.7106777
1622486818100,-1.6535635,2.5357797,1.5139849
1622486818118,-1.3188193,4.2237034,1.6666968
1622486818138,-0.99201596,5.4276834,1.9476864
1622486818156,-0.6523849,4.908463,1.6392087
1622486818177,-0.26022094,3.036827,0.8243384
1622486818195,0.73851436,0.64703995,-0.0070247436
1622486818215,1.7177025,-1.1506835,-0.065055236
1622486818234,2.228371,-1.9704405,0.29839888
1622486818254,1.9290557,-1.8067335,0.41201648
1622486818273,1.0060655,-1.2551384,0.33138463
1622486818293,-0.34940463,-0.9943066,0.56900424
1622486818312,-2.9933043,-1.2423106,0.9501729
1622486818332,-0.46851984,-2.1268175,-0.51769304
1622486818355,0.10140064,-3.0053685,-1.1885561
1622486818371,2.4818723,-4.014488,-1.2899567
1622486818391,3.3486648,-0.7585196,-2.1915672
1622486818410,3.1580803,-0.48608172,-2.2416568
1622486818429,3.4960315,-1.3919683,-2.060235
1622486818456,3.8930824,-2.3210669,-1.8794243
1622486818468,3.7959576,-1.5587295,-2.1677442
1622486818488,3.2997968,0.029473381,-2.4071963
1622486818507,2.1587343,-0.21303298,-2.368713
1622486818527,0.7824953,-0.42988375,-1.6143166
1622486818555,0.23639789,-0.56915694,-0.848925
1622486818566,-0.3402419,-0.59542334,-0.28984702
1622486818585,-0.49722967,0.8064711,0.45905173
1622486818605,-1.179546,1.5578132,1.1383139
1622486818625,-1.9316517,1.4454173,1.0631796
1622486818644,-2.366575,1.0703571,0.71377504
1622486818664,-3.1209714,1.1687036,0.92879325
1622486818689,-3.1643414,1.4014363,1.8426207
1622486818703,-3.254136,1.6121787,1.5836215
1622486818722,-3.27857,-0.34864107,1.2678134
1622486818741,-3.2932303,-0.39628717,1.7961963
1622486818761,-2.798444,0.3929275,2.0521414
1622486818781,-2.2242477,2.2639527,1.821852
1622486818800,-1.6883818,3.7802284,1.5982819
1622486818821,-1.0060655,4.9060197,1.6502038
1622486818839,-0.29565006,4.8339396,1.4125843
1622486818858,0.32252735,2.9348156,0.44805646
1622486818878,0.64688724,0.66353285,-0.5464029
1622486818897,1.3811257,-1.3400462,-0.53785104
1622486818917,2.2723517,-2.481109,-0.20860434
1622486818937,2.3566487,-2.48905,0.07116371
1622486818956,1.5332266,-1.7835213,0.080326416
1622486818975,0.08735116,-0.15622419,0.44378054
1622486818996,-1.2626213,-1.5263546,0.85365903
1622486819014,-1.3212626,-3.902703,0.86648685
1622486819034,-1.1691617,-0.7194254,-0.14690876
1622486819053,0.083686076,-1.6356963,-0.625813
1622486819073,1.827655,-3.9362998,-1.1818367
1622486819092,3.2888017,-1.2685771,-2.109103
1622486819113,3.0377433,-0.89657104,-2.6332097
1622486819131,3.3083487,-1.8348324,-2.2459326
1622486819154,3.8210022,-2.2465434,-1.7199931
1622486819171,3.5833828,-1.3925791,-2.120098
1622486819192,2.8233361,-0.27228516,-2.5226464
1622486819210,1.4440429,-0.8660287,-2.2758641
1622486819231,0.24006297,-0.81471753,-1.3760861
1622486819248,-0.47462833,-1.2386456,-0.86969376
1622486819268,-0.907719,-0.62474406,-0.09315421
1622486819288,-1.0616525,0.74905145,0.762032
1622486819307,-1.7384713,0.9145911,1.2415471
1622486819327,-2.234632,0.73378026,1.0686773
1622486819351,-2.842425,1.3201936,1.0650122
1622486819366,-3.0452263,1.9261541,1.789477
1622486819385,-3.138686,1.4020472,2.185306
1622486819405,-3.1637306,0.03130592,1.5543009
1622486819424,-3.17045,-0.7884511,1.649593
1622486819444,-2.838149,-0.46592376,1.8792716
1622486819464,-2.134453,0.8919897,1.8181869
1622486819483,-1.6382923,2.5235627,1.6361544
1622486819502,-0.9901834,4.1436825,1.6611991
1622486819522,-0.3231382,5.1589108,1.7161753
1622486819541,0.18386503,4.686115,1.3832636
1622486819561,0.51189,2.4649215,0.45966256
1622486819580,1.0757021,0.09910997,-0.35887277
1622486819600,1.871636,-1.6253119,-0.49081576
1622486819622,2.271741,-2.2990763,-0.13102673
1622486819639,1.8319309,-2.0755062,-0.010689827
1622486819658,0.8686248,-1.0792145,0.12003148
1622486819678,-0.29442838,-0.3932329,0.40041038
1622486819699,-0.42881477,-3.067064,0.62886727
1622486819717,-1.4483188,-1.3938007,0.22509721
1622486819736,-0.747677,-1.1757283,-0.7907418
1622486819765,0.76050484,-3.319344,-0.95582324
1622486819785,2.7482018,-3.151361,-1.812842
1622486819804,3.211224,-0.5154024,-2.4707243
1622486819823,3.1507502,-1.1738957,-2.4469013
1622486819843,3.5271847,-1.54468,-1.9716623
1622486819863,3.638359,-1.9869335,-1.888587
1622486819882,3.0627882,-0.99125236,-2.276475
1622486819902,2.103147,-0.6137488,-2.5519671
1622486819921,0.85091025,-0.8379297,-2.0095348
1622486819941,0.2895416,-0.72309047,-0.98697644
1622486819962,-0.5668663,-1.1103677,-0.45905173
1622486819980,-1.1105204,0.072232686,0.193944
1622486819999,-1.1545013,1.1277767,0.8212841
1622486820019,-1.7897825,1.0776873,0.94834036
1622486820038,-2.3342001,0.7893674,0.7327113
1622486820058,-2.8405924,1.2829319,1.1041064
1622486820077,-2.8564744,1.6897563,2.1162803
1622486820097,-3.0415611,1.5407095,1.9568492
1622486820116,-2.9762006,-0.10124794,1.6728052
1622486820136,-3.0091863,-0.5636593,1.8927102
1622486820158,-2.558992,0.19501299,1.9641794
1622486820175,-2.1234577,2.034274,1.8646113
1622486820194,-1.7891716,3.3202603,1.6801354
1622486820214,-1.0866972,4.568221,1.8340689
1622486820234,-0.2907633,5.0782785,1.8688872
1622486820258,0.26449686,3.6684432,1.0607363
1622486820272,0.49845135,1.0954019,-0.072996244
1622486820292,1.375628,-1.5776658,-0.501811
1622486820311,2.4696555,-3.0530145,-0.38636088
1622486820335,2.7457585,-2.5195923,0.15607147
1622486820360,2.1196399,-1.6094298,0.1408003
1622486820370,0.6047388,-0.13912046,0.19333316
1622486820389,-1.6859385,0.32878855,0.8567133
1622486820409,-1.9402035,-4.107948,1.3527212
1622486820428,-0.77883023,-1.9820466,0.34909922
1622486820448,-0.4379775,-0.8690829,-0.8519792
1622486820468,1.3066022,-3.5044308,-1.4493878
1622486820487,3.0310242,-1.3431004,-2.4432364
1622486820506,3.0145311,-0.712706,-2.5788443
1622486820526,3.4464002,-1.6491349,-2.2257748
1622486820545,3.705552,-2.0064805,-1.7505355
1622486820565,3.605984,-1.3980767,-2.1451428
1622486820585,2.9009137,0.19989976,-2.4615617
1622486820604,1.7378604,-0.33886752,-2.3076282
1622486820623,0.49600798,-0.54166883,-1.3443221
1622486820643,-0.1123959,-1.0590564,-0.88191074
1622486820662,-0.70125264,-0.9161182,-0.4162924
1622486820682,-0.83441734,0.34955734,0.3319955
1622486820702,-1.3566917,1.1583191,0.9691092
1622486820721,-1.9542531,1.0685246,0.87015194
1622486820741,-2.3641317,1.0892934,0.70522314
1622486820764,-2.9896393,1.7899352,1.1432006
1622486820780,-2.930387,1.7312938,2.1107826
1622486820799,-3.0366745,1.2896513,1.9550166
1622486820819,-2.930387,-0.68705046,1.6471497
1622486820839,-3.0995917,-0.71698195,1.7625997
1622486820858,-2.6133573,0.0013744063,1.9611251
1622486820877,-1.9713569,1.763058,1.8780499
1622486820897,-1.4574815,2.9109926,1.677692
1622486820917,-0.81487024,4.1552887,1.8053591
1622486820936,-0.28037888,4.9475574,1.8389556
1622486820959,0.167983,3.4717505,1.0967762
1622486820974,0.56075776,0.79547584,-0.17134266
1622486820994,1.4501514,-1.4933689,-0.733933
1622486821013,2.3450427,-2.3583286,-0.5867188
1622486821033,2.3975754,-2.0657327,-0.20860434
1622486821053,1.5576605,-1.3901356,-0.067498624
1622486821072,0.25166908,0.0062611843,0.33504972
1622486821092,-1.3786823,-0.8483141,0.9281824
1622486821111,-2.2297451,-3.3169007,1.3185138
1622486821131,-0.8729007,-1.2520841,0.29900974
1622486821156,-0.09834641,-1.7022786,-0.43095273
1622486821169,1.6248537,-3.487327,-1.1335799
1622486821191,3.2124457,-1.0083561,-2.2153902
1622486821208,3.106769,-0.88129985,-2.6594763
1622486821228,3.1483068,-1.5184135,-2.0639002
1622486821247,3.6175902,-2.1481972,-1.748703
1622486821267,3.554673,-1.264912,-2.1591923
1622486821286,2.8801448,-0.20631365,-2.5269225
1622486821306,1.3322579,-1.1213628,-2.2618146
1622486821326,0.043981,-1.076771,-1.2355913
1622486821347,-0.53388053,-1.1885561,-0.7076666
1622486821364,-0.9303204,-0.6797203,-0.08460235
1622486821384,-1.0414946,0.48272204,0.66673976
1622486821403,-1.6590612,0.9976663,1.1425898
1622486821424,-2.1485026,0.9127585,0.8805363
1622486821442,-2.8693023,0.9292514,0.6875086
1622486821462,-3.1954947,1.3959388,1.2195566
1622486821481,-3.1686175,1.5297142,2.0167122
1622486821501,-3.2272587,0.63115793,1.4797775
1622486821520,-3.034231,-0.67910945,1.3661599
1622486821540,-2.9456582,-0.4500417,1.649593
1622486821562,-2.386122,0.40025768,1.8713306
1622486821579,-1.728087,2.1271229,1.7650431
1622486821598,-0.9394831,3.661113,1.7754276
1622486821619,-0.17531316,4.956109,1.969677
1622486821637,0.34329617,4.810117,1.7619889
1622486821657,0.66704524,2.5162325,0.6893411
1622486821677,1.191763,-0.11285403,-0.40407547
1622486821697,2.0640528,-1.8702615,-0.72599196
1622486821716,2.5008087,-2.2654798,-0.5042544
1622486821737,2.0243478,-1.9252379,-0.2635806
1622486821749,0.9309312,-0.9417738,-0.024739314
1622486821769,-0.66276926,-0.51479155,0.4987568
1622486821784,-1.119683,-3.36699,1.0185878
1622486821811,-2.1992028,-1.6033213,0.74553907
1622486821823,-0.58213747,-0.90573376,-0.25686127
1622486821842,0.29381752,-2.6142735,-0.60137916
1622486821862,2.45133,-2.5171487,-1.2856808
1622486821881,3.2961318,-0.030389652,-2.0186975
1622486821901,2.8905292,-0.5801522,-2.1017728
1622486821920,2.995595,-1.17695,-1.5202461
1622486821939,3.4018085,-1.8494928,-1.7138847
1622486821972,3.1941204,-0.8251019,-2.2770858
1622486821980,2.550898,-0.30160582,-2.4261327
1622486821998,1.2528477,-1.1305256,-2.0034263
1622486822018,0.27732465,-0.88129985,-1.2337588
1622486822038,-0.22418094,-0.83426464,-0.76936215
1622486822057,-0.64322215,-0.3541387,-0.16645588
1622486822077,-0.9449807,0.6873559,0.5231907
1622486822096,-1.5497195,1.1137272,0.9434536
1622486822116,-2.0556538,0.970789,0.84999394
1622486822135,-2.7685125,1.0324845,0.8561024
1622486822175,-3.0733252,1.530325,1.5323104
1622486822175,-3.158233,1.7606145,2.1755326
1622486822194,-3.0281227,0.45217967,1.7632107
1622486822213,-2.8570852,-0.78784025,1.8084133
1622486822234,-2.7043736,-0.49707696,1.9605143
1622486822253,-2.2273018,0.6213844,1.8627787
1622486822272,-1.7109832,2.303047,1.594006
1622486822291,-1.1105204,3.8822398,1.6092771
1622486822311,-0.41965207,5.301238,1.7900879
1622486822332,0.19974706,5.755708,1.5610201
1622486822350,0.72446483,4.2481375,0.7308788
1622486822371,1.2082559,1.6775392,-0.17622943
1622486822397,1.7659594,-0.6503996,-0.53357506
1622486822408,2.2857904,-2.0620677,-0.3839175
1622486822428,2.1966066,-2.49638,-0.16523418
1622486822447,1.1942064,-1.8226155,-0.041843038
1622486822467,-0.27060533,-0.6106945,0.29656634
1622486822486,-1.0054545,-2.4896607,0.57694525
1622486822506,-1.7109832,-2.3992553,0.4266768
1622486822525,-1.4489297,-1.0358442,-0.25930467
1622486822548,0.18630841,-2.8392181,-0.41934663
1622486822566,1.5222313,-3.9692855,-0.78890926
1622486822584,2.931456,-0.99613917,-1.7761911
1622486822604,2.6663482,-0.5661027,-2.1701877
1622486822623,2.7744682,-1.504975,-1.7438163
1622486822642,3.362714,-1.500699,-1.5349065
1622486822662,3.714104,-1.2074924,-1.9857117
1622486822681,3.2338254,-0.78478605,-2.1139896
1622486822701,2.4018514,-1.037066,-2.0895557
1622486822721,1.0421054,-1.1036483,-1.9227945
1622486822750,0.14965758,-0.99675,-1.5092509
1622486822772,-0.39216393,-1.2716312,-1.0083561
1622486822797,-0.84602344,-0.83915144,-0.27946264
1622486822808,-1.0592091,0.58778775,0.5390727
1622486822827,-1.491689,1.0459232,1.0625688
1622486822847,-1.958529,0.77348536,1.0106468
1622486822866,-2.6127465,0.88954633,1.0198095
1622486822886,-3.0458372,1.6140112,1.7039584
1622486822905,-3.0281227,1.746565,2.5389867
1622486822925,-2.7856162,0.86144733,2.232952
1622486822961,-2.822267,-0.14583978,1.8847692
1622486822964,-3.0189598,0.15225367,1.681968
1622486822983,-2.6671119,1.0648595,1.609888
1622486823003,-1.9854063,2.2572334,1.4119735
1622486823022,-1.2015365,3.1376169,1.3551646
1622486823042,-0.29198498,3.8523083,1.4345748
1622486823061,0.43614495,4.476594,1.4125843
1622486823081,0.9193251,3.3709607,1.0393566
1622486823100,0.9767448,1.2358967,0.29962057
1622486823120,1.3188193,-0.688883,-0.3130592
1622486823151,2.0811565,-1.8220047,-0.49692425
1622486823164,2.3896344,-1.8708725,-0.22570807
1622486823180,1.7873391,-1.4732109,-0.118198946
1622486823198,0.77883023,-0.44698748,0.10292777
1622486823218,-0.423928,0.57984674,0.4602734
1622486823238,-0.6523849,-2.8011928,0.5763344
1622486823257,-0.6927008,-3.3370585,0.34176904
1622486823276,-1.9603616,0.9060392,-0.4883724
1622486823296,0.07513421,-3.2619243,-0.7547018
1622486823315,1.2552911,-3.7634299,-0.653912
1622486823334,3.1617453,-1.6228684,-1.0584456
1622486823354,2.8893075,-0.7432484,-1.528798
1622486823374,2.8025672,-1.260636,-1.5990454
1622486823393,3.2967427,-0.74508095,-1.4512204
1622486823413,2.9546683,-0.69376975,-1.7432053
1622486823432,2.0542793,-0.5819847,-1.8055118
1622486823452,1.0622634,-0.70537585,-1.7016678
1622486823471,0.42514968,-0.69071555,-1.3516523
1622486823491,0.10262234,-0.70904094,-0.89351684
1622486823510,-0.40377003,-0.46653458,-0.3271087
1622486823532,-0.9852966,0.3813214,0.38819343
1622486823549,-1.5344483,0.934749,0.9232956
1622486823568,-2.0703142,0.46073154,0.7583669
1622486823588,-2.81005,0.45828816,0.77119464
1622486823607,-3.3756948,0.99094695,1.2549857
1622486823627,-3.5082486,1.4674078,2.2182918
1622486823646,-3.4709868,1.1039537,2.330077
1622486823666,-3.0403395,-0.79272705,1.7876445
1622486823686,-2.8686914,-1.0077453,1.6233265
1622486823705,-2.6579492,-0.28999972,1.5866758
1622486823732,-2.0642056,0.727061,1.3166813
1622486823748,-1.3114891,1.718466,1.2513206
1622486823763,-0.5784724,2.4166644,1.1633586
1622486823783,0.24006297,2.9739099,1.1615261
1622486823803,1.1459495,2.561588,0.83166856
1622486823823,1.5081819,1.1125056,-0.16645588
1622486823842,1.8258225,-0.5160132,-0.83915144
1622486823861,2.1483498,-1.1042591,-1.1879452
1622486823881,1.7873391,-0.8025006,-1.1757283
1622486823900,0.90527564,-0.3816268,-0.9466605
1622486823919,0.05375456,-0.16111097,-0.15912572
1622486823940,0.042759307,-2.2734208,0.6612422
1622486823969,-0.13377555,-2.9247367,1.0344698
1622486823978,-2.6793287,-0.38407022,0.981937
1622486823998,-1.2369657,-1.8275023,0.8286143
1622486824017,-0.5699205,-1.6601301,-0.09681929
1622486824037,1.4892457,-0.5972559,-1.5226895
1622486824057,2.2815144,0.3477248,-1.7700826
1622486824075,1.408003,-1.1305256,-0.87335885
1622486824095,1.855754,-0.5282302,-0.33932567
1622486824115,2.175838,-0.43721393,-0.7388198
1622486824134,2.3609247,-0.25762483,-1.1861126
1622486824158,2.5173016,-0.36146885,-1.6057647
1622486824174,2.5148582,-0.64429116,-1.7199931
1622486824193,2.2259274,-0.9277243,-1.6692928
1622486824213,1.6028632,-0.9857548,-1.6552434
1622486824232,1.0341644,-1.0187405,-1.5966021
1622486824252,0.3103104,-1.1415209,-1.5562861
1622486824272,-0.45141613,-0.66689247,-1.0963181
1622486824293,-1.0921949,-0.22402823,-0.4010212
1622486824327,-1.5900354,0.48577628,0.4199575
1622486824330,-1.799556,1.099067,1.1432006
1622486824366,-1.7134266,1.3281347,1.5915625
1622486824369,-1.7286978,1.4014363,1.7430526
1622486824388,-1.6896036,0.65559185,1.621494
1622486824408,-1.8962226,0.15286453,1.3264549
1622486824427,-2.07459,-0.23502348,1.1077715
1622486824446,-1.8821731,-0.0132859275,0.90435934
1622486824466,-1.6584504,0.68979925,0.8866448
1622486824489,-1.471531,0.84251106,0.8884773
1622486824505,-1.2241379,0.77592874,0.89641833
1622486824524,-0.9578085,1.2316208,1.0191987
1622486824561,-0.5668663,1.5602566,0.85426986
1622486824564,-0.1111742,1.4570234,0.641695
1622486824583,0.23578705,1.3739482,0.45538664
1622486824603,0.54121065,1.4698513,0.15729317
1622486824621,1.0946383,1.4619102,-0.25380704
1622486824642,1.7525208,1.5510939,-0.6270347
1622486824661,2.0658855,1.9634159,-0.79990447
1622486824680,1.1490037,1.8302511,-0.804944
1622486824701,-0.64322215,1.3537903,0.013744064
1622486824719,-1.4855806,0.7319477,0.7046123
1622486824738,-1.087919,-0.52639765,0.91352206
1622486824751,-0.3567348,-0.6381827,0.68567604
1622486824769,0.49295375,-0.8000572,-0.032069482
1622486824788,0.7739435,-0.69376975,-0.49753508
1622486824807,-0.39460734,-0.025502874,-0.50730866
1622486824827,-1.0866972,-1.0419527,0.020463383
1622486824846,0.5204419,-2.6112194,0.19027892
1622486824866,1.327982,-1.9075233,-0.49142662
1622486824887,1.2827792,-0.7860077,-1.1158652
1622486824905,1.7946693,-0.42866206,-1.1115893
1622486824924,1.7867283,-0.24601874,-0.75164753
1622486824955,1.819714,-0.5581617,-0.39124766
1622486824963,1.7549642,-0.96437514,-0.45721918
1622486824983,1.6132476,-0.78051007,-0.6526903
1622486825002,1.491689,-0.54594475,-0.7272137
1622486825022,1.3939534,-0.6656708,-0.7601994
1622486825041,1.3145432,-0.62718743,-0.84220564
1622486825062,1.1575556,-0.5795413,-0.78280073
1622486825092,1.0335536,-0.67544436,-0.5995466
1622486825100,0.97246885,-0.67849857,-0.60015744
1622486825119,0.8893936,-0.536782,-0.79685026
1622486825140,0.7910472,-0.39017868,-0.90939885
1622486825158,0.5522059,-0.26495498,-0.8263236
1622486825178,0.25166908,-0.34986275,-0.53418595
1622486825197,0.020768806,-0.43660307,-0.26113722
1622486825217,-0.18569757,-0.3761292,-0.15912572
1622486825237,-0.2754921,-0.38712445,-0.13896775
1622486825257,-0.5289937,-0.26312247,0.0827698
1622486825275,-0.9669712,0.21150586,0.37903073
1622486825295,-1.7256435,0.75577074,0.70155805
1622486825321,-2.250514,0.9811734,1.1322054
1622486825334,-2.2670069,0.7857023,1.6941849
1622486825353,-1.9621941,0.44118443,1.7509936
1622486825372,-1.9621941,0.084449634,1.3612732
1622486825392,-1.8821731,0.022143213,1.117545
1622486825412,-2.0361066,0.16752486,0.93917763
1622486825431,-2.0953588,0.3324536,0.9068028
1622486825452,-1.8282659,0.6378772,0.93245834
1622486825472,-1.6395141,0.6647545,0.8011262
1622486825489,-1.4293826,0.7716528,0.73637635
1622486825510,-1.139841,1.1534324,0.70277977
1622486825529,-0.75317466,1.3715048,0.645971
1622486825555,-0.3402419,1.0764656,0.58610797
1622486825568,0.1655396,0.6384881,0.47737715
1622486825587,0.74095774,0.5480827,0.3319955
1622486825607,1.1685508,0.77715045,0.03451287
1622486825627,1.4373236,1.0086615,-0.27701923
1622486825647,1.7488557,1.0043856,-0.353986
1622486825673,1.6810516,1.3849435,-0.36131614
1622486825685,1.1697725,1.7367915,-0.26174805
1622486825704,0.3567348,1.427092,0.14568707
1622486825724,-0.32985753,0.47905695,0.47493374
1622486825750,-0.46363306,-0.45676103,0.6050442
1622486825763,-0.2870982,-0.57221115,0.6533011
1622486825782,-0.041537613,-0.103691325,0.58122116
1622486825802,0.36223242,0.19928892,0.3246653
1622486825822,0.53388053,0.68674505,-0.024128467
1622486825841,0.5986303,0.9384141,-0.1951657
1622486825860,0.108119965,1.022711,-0.14446537
1622486825879,-0.42576054,0.16447063,0.19333316
1622486825899,-0.1111742,-0.9539907,0.5757235
1622486825919,0.41598698,-0.8104416,0.067498624
1622486825938,0.5131117,0.758825,-0.70216894
1622486825958,0.45935714,1.3489034,-1.0957073
1622486825978,0.6963659,0.49677154,-0.22631891
1622486825997,0.8338065,-0.15439165,0.02535016
1622486826016,0.74095774,-0.01267508,0.02779355
1622486826036,0.61695576,0.31473905,0.09193251
1622486826055,0.5155551,0.49432814,0.08582404
1622486826075,0.5326588,0.42224815,0.0045813546
1622486826094,0.599852,0.38315395,-0.008246438
1622486826114,0.53815645,0.290916,-0.028404398
1622486826133,0.387888,-0.0865876,-0.03634541
1622486826154,0.24494976,-0.31382278,0.038177952
1622486826173,0.2932067,-0.11774081,0.048562355
1622486826192,0.40926766,0.0056503373,-0.008857286
1622486826211,0.5442649,-0.09575031,-0.0387888
1622486826232,0.46485478,-0.052380152,-0.35215345
1622486826258,0.51433337,-0.133012,-0.45599747
1622486826270,0.3927748,-0.26678753,-0.05955761
1622486826289,0.4611897,-0.2637333,-0.04795151
1622486826310,0.57725066,-0.2545706,-0.36498123
1622486826328,0.61084723,-0.14645062,-0.49814594
1622486826356,0.6267293,-0.184934,-0.4291202
1622486826367,0.7898255,-0.08842014,-0.3771982
1622486826387,0.95719767,-0.047493376,-0.46638188
1622486826406,1.0274451,-0.19715095,-0.41812494
1622486826426,1.0579875,-0.22952586,-0.40529716
1622486826456,0.8258655,-0.13667707,-0.2947338
1622486826465,0.7281299,-0.028557109,-0.3710897
1622486826491,0.7030852,-0.12873606,-0.40774053
1622486826504,0.65604997,-0.44271156,-0.35093176
1622486826523,0.55648184,-0.3461977,-0.5231907
1622486826543,0.57358557,-0.08108997,-0.6331432
1622486826562,0.51433337,0.09300149,-0.6050442
1622486826582,0.37567106,-0.035276428,-0.48959407
1622486826601,0.40682426,-0.10613471,-0.40224293
1622486826622,0.2522799,0.019699825,-0.16462334
1622486826641,0.03970507,-0.008399149,-0.057114217
1622486826660,-0.11850437,-0.15194826,-0.0015271181
1622486826679,-0.18142164,-0.100026235,-0.005803049
1622486826699,-0.015882028,0.011147963,0.017409148
1622486826718,0.23456535,-0.18004723,0.20127417
1622486826739,0.21379654,-0.47447562,0.3515426
1622486826768,-0.18264332,0.007482879,0.11270132
1622486826786,-0.2327328,0.3501682,-0.07116371
1622486826806,-0.02443389,-0.11774081,-0.117588095
1622486826825,-0.3591782,-0.22647162,-0.1603474
1622486826846,-0.61206895,0.08750387,-0.2715216
1622486826864,-0.7006418,0.58839864,-0.20921518
1622486826891,-0.35368055,0.58595526,-0.065055236
1622486826904,-0.14904673,0.290916,0.0943759
1622486826923,-0.10750912,0.03802524,0.25136364
1622486826943,-0.1447708,-0.1446181,0.040010497
1622486826962,-0.3310792,0.58595526,0.05222744
1622486826981,-0.24922568,1.1063972,0.5647283
1622486827001,0.012216945,0.5493044,0.6184828
1622486827022,0.31886226,-0.07742489,0.3503209
1622486827042,0.7482879,-0.52639765,-0.29534465
1622486827060,1.1221265,-0.10552386,-0.67773503
1622486827079,1.1068553,-0.3761292,-0.7901309
1622486827098,1.2943853,-0.33703497,-1.0175189
1622486827118,1.4538165,-0.43904647,-1.3828055
1622486827139,1.3811257,-1.4628265,-1.6124841
1622486827158,1.7189242,-2.2221096,-1.8024576
1622486827177,2.4458325,-1.7028894,-1.460383
1622486827196,2.4898133,-1.6900617,-1.2123791
1622486827216,1.9687607,-2.752936,-1.2985085
1622486827242,1.7329737,-4.189801,-1.8843111
1622486827255,1.139841,-5.750516,-1.7352643
1622486827274,0.55342764,-3.230771,-0.8904626
1622486827294,0.3475721,-2.0217516,-0.19150062
1622486827314,-0.2583884,-2.4102507,-0.24220094
1622486827332,-0.24861483,-3.3266742,-0.4963134
1622486827352,0.5986303,-3.8294015,-0.34360158
1622486827372,1.8685818,-3.891708,0.07116371
1622486827392,2.7536995,-3.403641,0.3008423
1622486827411,2.727433,-3.843451,0.29900974
1622486827440,2.1226943,-4.5251565,0.2562504
1622486827449,1.9736475,-5.0492635,0.31733516
1622486827469,2.359092,-5.431654,-0.0015271181
1622486827490,1.4422104,-4.6766467,-0.9350544
1622486827509,0.58458084,-4.2020183,-1.2557492
1622486827528,0.3115321,-5.129895,-1.3925791
1622486827557,0.13438639,-4.1843038,-1.5000882
1622486827567,-0.61206895,-1.4292299,-1.0572239
1622486827586,-0.54793,-1.5171919,-0.91672903
1622486827607,-0.90955156,-1.5593404,-0.7650862
1622486827625,-1.5051277,-2.6356533,-0.78280073
1622486827645,-2.5321145,-3.6650836,-1.2050489
1622486827664,-3.762361,-4.971686,-1.0957073
1622486827684,-4.789806,-7.0687246,-0.8061657
1622486827703,-5.5716906,-7.7241635,-0.60015744
1622486827723,-5.7714376,-7.002753,-0.59282726
1622486827743,-5.2913117,-5.994244,-0.40346462
1622486827761,-3.886363,-5.0455985,-0.20860434
1622486827781,-2.094748,-3.9082007,-0.14935215
1622486827801,-0.5748073,-2.8575435,-0.09926268
1622486827829,0.35245886,-1.9020257,0.13041589
1622486827840,0.71713465,-1.1396883,0.3967453
1622486827859,0.731795,-0.7524111,0.45660833
1622486827878,0.44775105,-0.508683,0.18722469
1622486827899,-0.080020994,-0.9301677,-0.06566608
1622486827918,-0.51799846,-1.365091,0.035734564
1622486827938,-0.46485478,-1.4322841,0.18783553
1622486827964,-0.18508671,-0.9045121,0.1963874
1622486827977,0.016492875,-0.38284853,0.20249587
1622486827996,0.12033691,-0.051158458,0.22204298
1622486828020,0.21013145,0.029473381,0.20249587
1622486828035,0.26022094,-0.045049984,0.18294875
1622486828054,0.28526568,-0.19837265,0.1731752
1622486828074,0.2736596,-0.23074755,0.17622943
1622486828093,0.14660335,-0.27472857,0.1524064
1622486828113,-0.054365408,-0.29305398,0.08154811
1622486828133,-0.17103723,-0.20875706,0.07605048
1622486828158,-0.12827793,-0.08842014,0.025961008
1622486828171,-0.031764057,-0.01267508,-0.049784053
1622486828193,-0.012216945,-0.004123219,-0.055892523
1622486828210,-0.07941014,-0.006566608,-0.08521319
1622486828230,-0.08735116,0.033749312,-0.11880979
1622486828250,0.058641337,0.13820419,-0.08765658
1622486828269,0.15210097,0.18401773,-0.010689827
1622486828289,0.09712471,0.12171131,0.026571855
1622486828308,-0.03603999,0.024586603,-0.0051922016
1622486828327,-0.13988402,-0.03283304,-0.036956258
1622486828347,-0.1643179,0.03863609,-0.040010497
1622486828368,-0.12827793,0.17668757,-0.03451287
1622486828386,-0.05070032,0.3257343,-0.0015271181
1622486828411,-0.02443389,0.38620818,0.06261184
1622486828425,-0.07513421,0.29152685,0.09193251
1622486828445,-0.12644538,0.15408622,0.08704574
1622486828464,-0.10628742,0.07345438,0.06627693
1622486828484,-0.020768806,0.08567133,0.04550812
1622486828503,0.011606098,0.08383878,0.046118967
1622486828523,0.012216945,0.014813046,0.05955761
1622486828545,-0.38605547,-0.100026235,0.07177455
1622486828562,-0.5247178,-0.39201123,0.055281676
1622486828583,-0.09773556,-0.07925743,0.09498675
