insert into bank values ('RosaBank', '1902-01-01', 'Frankfurt', 2000000000, 1000000, 300200345);
insert into bank values ('GreenBank', '1914-06-15', 'Hamburg', 1000000000, 5000000, 43290212);
insert into bank values ('BlackBank', '1959-10-20', 'Berlin', 230000000, 400000, 23598013);

insert into filiale values ('RBWiesbaden', 'RosaBank', 'Wiesbaden');
insert into filiale values ('RBMainz', 'RosaBank', 'Mainz');
insert into filiale values ('RBDarmstadt', 'RosaBank', 'Darmstadt');
insert into filiale values ('GBHamburg', 'GreenBank', 'Hamburg');
insert into filiale values ('GBBremen', 'GreenBank', 'Bremen');
insert into filiale values ('GBKiel', 'GreenBank', 'Kiel');
insert into filiale values ('BBBerlin', 'BlackBank', 'Berlin');
insert into filiale values ('BBPotsdam', 'BlackBank', 'Potsdam');
insert into filiale values ('BBLeipzig', 'BlackBank', 'Leipzig');

insert into mitarbeiter values ('Loschmidt', 'RosaBank', '1997-06-30', 3000.00, 'Darmstadt');
insert into mitarbeiter values ('Ziegler', 'RosaBank', '1974-03-22', 2000.00, 'Mainz');
insert into mitarbeiter values ('Kohler', 'RosaBank', '1988-02-24', 2400.00, 'Hanau');
insert into mitarbeiter values ('Winzinger', 'RosaBank', '1977-01-08', 4000.00, 'Offenburg');
insert into mitarbeiter values ('Wasserle', 'RosaBank', '1999-11-15', 1500.00, 'Frankfurt');
insert into mitarbeiter values ('Stengel', 'RosaBank', '1995-07-26', 3300.00, 'Reinheim');
insert into mitarbeiter values ('Steinberger', 'RosaBank', '1965-12-20', 46000.00, 'Frankfurt');
insert into mitarbeiter values ('Ellerkamp', 'RosaBank', '1979-01-07', 5100.00, 'Frankfurt');
insert into mitarbeiter values ('Achatz', 'RosaBank', '1989-04-09', 3200.00, 'Gerau');
insert into mitarbeiter values ('Petersen', 'GreenBank', '1987-09-30', 3450.00, 'Hamburg');
insert into mitarbeiter values ('Carlsen', 'GreenBank', '1991-04-11', 3250.00, 'Bremen');
insert into mitarbeiter values ('Hansen', 'GreenBank', '1990-06-23', 3350.00, 'Oldenburg');
insert into mitarbeiter values ('Olafson', 'GreenBank', '1972-01-25', 1450.00, 'Pinneberg');
insert into mitarbeiter values ('Ingvarson', 'GreenBank', '1977-11-16', 1950.00, 'Stade');
insert into mitarbeiter values ('Holgerson', 'GreenBank', '1979-05-11', 6150.00, 'Rendsburg');
insert into mitarbeiter values ('Paulson', 'GreenBank', '1947-10-22', 5550.00, 'Hamburg');
insert into mitarbeiter values ('Thomson', 'GreenBank', '1949-12-23', 3150.00, 'Hamburg');
insert into mitarbeiter values ('Cornelsen', 'GreenBank', '1951-06-24', 3750.00, 'Kiel');
insert into mitarbeiter values ('Waidlinger', 'BlackBank', '1998-04-30', 3470.00, 'Berlin');
insert into mitarbeiter values ('Augustin', 'BlackBank', '1998-05-22', 3570.00, 'Potsdam');
insert into mitarbeiter values ('Ottmann', 'BlackBank', '1998-06-11', 2670.00, 'Oranienburg');
insert into mitarbeiter values ('Lenker', 'BlackBank', '1998-09-05', 4570.00, 'Leipzig');
insert into mitarbeiter values ('Lotter', 'BlackBank', '1998-11-03', 5170.00, 'Dresden');
insert into mitarbeiter values ('Maier', 'BlackBank', '1998-10-06', 2670.00, 'Chemnitz');
insert into mitarbeiter values ('Kofler', 'BlackBank', '1998-07-25', 3870.00, 'Berlin');
insert into mitarbeiter values ('Irschinger', 'BlackBank', '1998-04-28', 3270.00, 'Berlin');
insert into mitarbeiter values ('Schachtner', 'BlackBank', '1998-09-30', 3770.00, 'Eberswalde');

insert into kunde values ('Schmidtlein', '1943-02-04', 'RBWiesbaden', 'Ziegler', 'Wiesbaden');
insert into kunde values ('Karger', '1936-04-07', 'RBWiesbaden', 'Loschmidt', 'Mainz');
insert into kunde values ('Olbel', '1927-08-17', 'RBWiesbaden', NULL, 'Gerau');
insert into kunde values ('Diesel', '1968-10-25', 'RBWiesbaden', 'Loschmidt', 'Darmstadt');
insert into kunde values ('Trotter', '1991-12-24', 'RBWiesbaden', 'Ziegler', 'Wiesbaden');
insert into kunde values ('Kolder', '1974-12-02', 'RBMainz', 'Kohler', 'Mainz');
insert into kunde values ('Autes', '1966-10-05', 'RBMainz', 'Winzinger', 'Darmstadt');
insert into kunde values ('Schreckel', '1971-04-06', 'RBMainz', 'Kohler', 'Offenburg');
insert into kunde values ('Siemes', '1944-08-22', 'RBMainz', 'Winzinger', 'Frankfurt');
insert into kunde values ('Bolter', '1945-01-11', 'RBMainz', NULL, 'Mainz');
insert into kunde values ('Rolland', '1958-07-21', 'RBDarmstadt', 'Wasserle', 'Darmstadt');
insert into kunde values ('Stadl', '1966-08-24', 'RBDarmstadt', 'Stengel', 'Frankfurt');
insert into kunde values ('Tresor', '1977-09-26', 'RBDarmstadt', 'Steinberger', 'Frankfurt');
insert into kunde values ('Komatz', '1986-12-27', 'RBDarmstadt', 'Ellerkamp', 'Oberursel');
insert into kunde values ('Dollart', '1989-10-29', 'RBDarmstadt', 'Achatz', 'Oberursel');
insert into kunde values ('Sonke', '1944-02-04', 'GBHamburg', 'Petersen', 'Schleswig');
insert into kunde values ('Lebedor', '1946-04-05', 'GBHamburg', 'Carlsen', 'Husum');
insert into kunde values ('Conally', '1957-07-17', 'GBHamburg', 'Petersen', 'Kiel');
insert into kunde values ('Serpent', '1968-06-11', 'GBHamburg', 'Carlsen', 'Hamburg');
insert into kunde values ('Ullrich', '1981-10-24', 'GBHamburg', 'Petersen', 'Hamburg');
insert into kunde values ('Szymar', '1924-12-12', 'GBBremen', 'Hansen', 'Bremen');
insert into kunde values ('Cordies', '1916-11-05', 'GBBremen', 'Olafson', 'Bremen');
insert into kunde values ('Ranger', '1941-04-10', 'GBBremen', 'Hansen', 'Itzehoe');
insert into kunde values ('Bosch', '1954-06-12', 'GBBremen', 'Olafson', 'Pinneberg');
insert into kunde values ('Erani', '1935-08-21', 'GBBremen', 'Hansen', 'Hamburg');
insert into kunde values ('Ebadi', '1998-09-21', 'GBKiel', 'Ingvarson', 'Kiel');
insert into kunde values ('Tokan', '1926-08-27', 'GBKiel', 'Holgerson', 'Kiel');
insert into kunde values ('Nowak', '1947-03-16', 'GBKiel', 'Paulson', 'Oldenburg');
insert into kunde values ('Basdorf', '1956-11-20', 'GBKiel', 'Thomson', 'Hamburg');
insert into kunde values ('Rumel', '1944-12-10', 'GBKiel', 'Cornelsen', 'Rendsburg');
insert into kunde values ('Riesam', '1942-02-04', 'BBBerlin', 'Waidlinger', 'Berlin');
insert into kunde values ('Holledau', '1976-04-05', 'BBBerlin', 'Augustin', 'Berlin');
insert into kunde values ('Strager', '1956-07-17', 'BBBerlin', 'Waidlinger', 'Berlin');
insert into kunde values ('Radspieler', '1948-06-11', 'BBBerlin', 'Augustin', 'Berlin');
insert into kunde values ('Ganslmeier', '1988-11-24', 'BBBerlin', 'Waidlinger', 'Potsdam');
insert into kunde values ('Tarnat', '1922-12-12', 'BBPotsdam', 'Ottmann', 'Potsdam');
insert into kunde values ('Rankovic', '1944-10-05', 'BBPotsdam', 'Lenker', 'Leipzig');
insert into kunde values ('Seeler', '1933-06-10', 'BBPotsdam', 'Ottmann', 'Leipzig');
insert into kunde values ('Kumpel', '1954-06-12', 'BBPotsdam', 'Lenker', 'Leipzig');
insert into kunde values ('Sirdar', '1935-08-31', 'BBPotsdam', 'Ottmann', 'Dresden');
insert into kunde values ('Losen', '1998-02-11', 'BBLeipzig', 'Lotter', 'Chemnitz');
insert into kunde values ('Trebel', '1937-09-27', 'BBLeipzig', 'Maier', 'Dresden');
insert into kunde values ('Zenkovic', '1947-03-06', 'BBLeipzig', 'Kofler', 'Chemnitz');
insert into kunde values ('Fonda', '1948-10-10', 'BBLeipzig', 'Irschinger', 'Rostock');
insert into kunde values ('Pawlow', '1964-12-20', 'BBLeipzig', 'Schachtner', 'Rostock');

insert into konto values (112233, 'Giro', 5000.01, 100.00, 0.5, 'RBWiesbaden');
insert into konto values (112234, 'Tagesgeld', 5000.01, 0.00, 4.5, 'RBWiesbaden');
insert into konto values (112235, 'Giro', 5000.01, 100.00, 0.5, 'RBWiesbaden');
insert into konto values (112236, 'Giro', 4300.01, 100.00, 0.5, 'RBWiesbaden');
insert into konto values (112243, 'Giro', 7500.01, 100.00, 0.5, 'RBMainz');
insert into konto values (112244, 'Giro', 3300.01, 100.00, 0.5, 'RBMainz');
insert into konto values (112245, 'Giro', 1100.01, 100.00, 0.5, 'RBMainz');
insert into konto values (112247, 'Giro', 3400.01, 100.00, 0.5, 'RBMainz');
insert into konto values (112249, 'Giro', 76000.01, 100.00, 0.5, 'RBMainz');
insert into konto values (112301, 'Giro', 2000.01, 100.00, 0.5, 'RBDarmstadt');
insert into konto values (112302, 'Giro', 2100.01, 100.00, 0.5, 'RBDarmstadt');
insert into konto values (112303, 'Giro', 6600.01, 100.00, 0.5, 'RBDarmstadt');
insert into konto values (112304, 'Giro', 9900.01, 100.00, 0.5, 'RBDarmstadt');
insert into konto values (112305, 'Giro', 1400.01, 100.00, 0.5, 'RBDarmstadt');
insert into konto values (112306, 'Spar', 8800.01, 500.00, 4.5, 'GBHamburg');
insert into konto values (112317, 'Spar', 7600.01, 500.00, 4.5, 'GBHamburg');
insert into konto values (112318, 'Spar', 3600.01, 500.00, 4.5, 'GBHamburg');
insert into konto values (122100, 'Spar', 7700.01, 500.00, 4.5, 'GBHamburg');
insert into konto values (122101, 'Spar', 4500.01, 500.00, 4.5, 'GBHamburg');
insert into konto values (122103, 'Spar', 5100.01, 500.00, 4.5, 'GBHamburg');
insert into konto values (122104, 'Spar', 3600.01, 500.00, 4.5, 'GBHamburg');
insert into konto values (122111, 'Giro', 7500.01, 100.00, 0.5, 'GBHamburg');
insert into konto values (122112, 'Giro', 8400.01, 100.00, 0.5, 'GBBremen');
insert into konto values (122113, 'Giro', 6300.01, 100.00, 0.5, 'GBBremen');
insert into konto values (122114, 'Giro', 6400.01, 100.00, 0.5, 'GBBremen');
insert into konto values (122115, 'Giro', 7100.01, 100.00, 0.5, 'GBBremen');
insert into konto values (122121, 'Giro', 1000.01, 100.00, 0.5, 'GBKiel');
insert into konto values (122122, 'Tagesgeld', 7500.01, 0.00, 2.5, 'GBKiel');
insert into konto values (122123, 'Tagesgeld', 8700.01, 0.00, 3.5, 'GBKiel');
insert into konto values (122124, 'Giro', 5400.01, 100.00, 0.5, 'GBKiel');
insert into konto values (122125, 'Giro', 7600.01, 100.00, 0.5, 'GBKiel');
insert into konto values (122126, 'Giro', 72000.01, 100.00, 0.5, 'GBKiel');
insert into konto values (412206, 'Giro', 8400.01, 100.00, 0.5, 'GBKiel');
insert into konto values (412207, 'Tagesgeld', 2600.01, 0.00, 2.5, 'BBBerlin');
insert into konto values (412208, 'Giro', 6600.01, 100.00, 0.5, 'BBBerlin');
insert into konto values (412209, 'Giro', 2200.01, 100.00, 0.5, 'BBBerlin');
insert into konto values (412211, 'Giro', 63000.01, 100.00, 0.5, 'BBBerlin');
insert into konto values (412212, 'Spar', 7200.01, 500.00, 4.5, 'BBBerlin');
insert into konto values (432213, 'Giro', 8300.01, 100.00, 0.5, 'BBPotsdam');
insert into konto values (432214, 'Tagesgeld', 5100.01, 0.00, 3.5, 'BBPotsdam');
insert into konto values (432244, 'Giro', 54000.01, 100.00, 0.5, 'BBPotsdam');
insert into konto values (432247, 'Giro', 1400.01, 100.00, 0.5, 'BBPotsdam');
insert into konto values (432248, 'Spar', 21000.01, 500.00, 4.5, 'BBPotsdam');
insert into konto values (432249, 'Spar', 2800.01, 500.00, 4.5, 'BBPotsdam');
insert into konto values (452211, 'Giro', 8400.01, 100.00, 0.5, 'BBLeipzig');
insert into konto values (452222, 'Tagesgeld', 7500.01, 0.00, 2.5, 'BBLeipzig');
insert into konto values (452233, 'Tagesgeld', 8100.01, 0.00, 3.5, 'BBLeipzig');
insert into konto values (452244, 'Giro', 3900.01, 100.00, 0.5, 'BBLeipzig');
insert into konto values (452255, 'Giro', 7300.01, 100.00, 0.5, 'BBLeipzig');
insert into konto values (452266, 'Spar', 5600.01, 500.00, 4.5, 'BBLeipzig');

insert into zugeteilt values ('RBWiesbaden', 'Loschmidt');
insert into zugeteilt values ('RBWiesbaden', 'Kohler');
insert into zugeteilt values ('RBWiesbaden', 'Stengel');
insert into zugeteilt values ('RBMainz', 'Loschmidt');
insert into zugeteilt values ('RBMainz', 'Ziegler');
insert into zugeteilt values ('RBMainz', 'Winzinger');
insert into zugeteilt values ('RBMainz', 'Wasserle');
insert into zugeteilt values ('RBDarmstadt', 'Achatz');
insert into zugeteilt values ('RBDarmstadt', 'Ellerkamp');
insert into zugeteilt values ('RBDarmstadt', 'Steinberger');
insert into zugeteilt values ('RBDarmstadt', 'Loschmidt');
insert into zugeteilt values ('RBDarmstadt', 'Wasserle');
insert into zugeteilt values ('GBHamburg', 'Petersen');
insert into zugeteilt values ('GBHamburg', 'Carlsen');
insert into zugeteilt values ('GBHamburg', 'Hansen');
insert into zugeteilt values ('GBBremen', 'Olafson');
insert into zugeteilt values ('GBBremen', 'Ingvarson');
insert into zugeteilt values ('GBBremen', 'Hansen');
insert into zugeteilt values ('GBBremen', 'Carlsen');
insert into zugeteilt values ('GBKiel', 'Paulson');
insert into zugeteilt values ('GBKiel', 'Thomson');
insert into zugeteilt values ('GBKiel', 'Holgerson');
insert into zugeteilt values ('GBKiel', 'Olafson');
insert into zugeteilt values ('GBKiel', 'Carlsen');
insert into zugeteilt values ('BBBerlin', 'Waidlinger');
insert into zugeteilt values ('BBBerlin', 'Augustin');
insert into zugeteilt values ('BBBerlin', 'Ottmann');
insert into zugeteilt values ('BBPotsdam', 'Waidlinger');
insert into zugeteilt values ('BBPotsdam', 'Augustin');
insert into zugeteilt values ('BBPotsdam', 'Lotter');
insert into zugeteilt values ('BBPotsdam', 'Lenker');
insert into zugeteilt values ('BBLeipzig', 'Maier');
insert into zugeteilt values ('BBLeipzig', 'Kofler');
insert into zugeteilt values ('BBLeipzig', 'Augustin');
insert into zugeteilt values ('BBLeipzig', 'Irschinger');
insert into zugeteilt values ('BBLeipzig', 'Lotter');

insert into unterhaelt values ('Schmidtlein', '1943-02-04', 112233, '2007-01-01');
insert into unterhaelt values ('Schmidtlein', '1943-02-04', 112249, '2005-06-15');
insert into unterhaelt values ('Schmidtlein', '1943-02-04', 412212, '2001-11-11');
insert into unterhaelt values ('Karger', '1936-04-07', 432249, '2005-01-10');
insert into unterhaelt values ('Karger', '1936-04-07', 112305, '2003-03-20');
insert into unterhaelt values ('Karger', '1936-04-07', 452255, '2000-05-30');
insert into unterhaelt values ('Karger', '1936-04-07', 112233, '2002-07-05');
insert into unterhaelt values ('Olbel', '1927-08-17', 112317, '2003-08-01');
insert into unterhaelt values ('Olbel', '1927-08-17', 112234, '2002-09-03');
insert into unterhaelt values ('Olbel', '1927-08-17', 412206, '2001-06-07');
insert into unterhaelt values ('Diesel', '1968-10-25', 412206, '2005-06-07');
insert into unterhaelt values ('Diesel', '1968-10-25', 112302, '2001-05-15');
insert into unterhaelt values ('Diesel', '1968-10-25', 122100, '2008-06-17');
insert into unterhaelt values ('Diesel', '1968-10-25', 452233, '2007-09-21');
insert into unterhaelt values ('Diesel', '1968-10-25', 122124, '2007-10-18');
insert into unterhaelt values ('Trotter', '1991-12-24', 112302, '2005-10-11');
insert into unterhaelt values ('Trotter', '1991-12-24', 122112, '2005-11-14');
insert into unterhaelt values ('Trotter', '1991-12-24', 412209, '2005-12-01');
insert into unterhaelt values ('Kolder', '1974-12-02', 112317, '2006-11-03');
insert into unterhaelt values ('Kolder', '1974-12-02', 412208, '2007-10-07');
insert into unterhaelt values ('Kolder', '1974-12-02', 122125, '2002-08-11');
insert into unterhaelt values ('Kolder', '1974-12-02', 112247, '2003-05-21');
insert into unterhaelt values ('Autes', '1966-10-05', 112304, '2003-07-14');
insert into unterhaelt values ('Autes', '1966-10-05', 432247, '2002-05-31');
insert into unterhaelt values ('Schreckel', '1971-04-06', 112305, '2002-08-21');
insert into unterhaelt values ('Schreckel', '1971-04-06', 112249, '2007-11-30');
insert into unterhaelt values ('Schreckel', '1971-04-06', 412207, '2000-01-01');
insert into unterhaelt values ('Schreckel', '1971-04-06', 452255, '2000-03-03');
insert into unterhaelt values ('Siemes', '1944-08-22', 122101, '2001-07-23');
insert into unterhaelt values ('Siemes', '1944-08-22', 112318, '2005-05-06');
insert into unterhaelt values ('Siemes', '1944-08-22', 112303, '2003-02-28');
insert into unterhaelt values ('Siemes', '1944-08-22', 452211, '2008-08-28');
insert into unterhaelt values ('Bolter', '1945-01-11', 412207, '2008-08-25');
insert into unterhaelt values ('Bolter', '1945-01-11', 452244, '2004-06-23');
insert into unterhaelt values ('Bolter', '1945-01-11', 112306, '2007-07-13');
insert into unterhaelt values ('Bolter', '1945-01-11', 122126, '2000-09-09');
insert into unterhaelt values ('Bolter', '1945-01-11', 112235, '2003-10-05');
insert into unterhaelt values ('Rolland', '1958-07-21', 412206, '2004-12-31');
insert into unterhaelt values ('Rolland', '1958-07-21', 122103, '2006-08-18');
insert into unterhaelt values ('Rolland', '1958-07-21', 412212, '2001-02-08');
insert into unterhaelt values ('Stadl', '1966-08-24', 112303, '2001-03-12');
insert into unterhaelt values ('Stadl', '1966-08-24', 452222, '2002-08-02');
insert into unterhaelt values ('Tresor', '1977-09-26', 122104, '2004-10-02');
insert into unterhaelt values ('Tresor', '1977-09-26', 432214, '2004-09-04');
insert into unterhaelt values ('Tresor', '1977-09-26', 452233, '2000-11-11');
insert into unterhaelt values ('Tresor', '1977-09-26', 452266, '2008-03-13');
insert into unterhaelt values ('Tresor', '1977-09-26', 112317, '2006-12-12');
insert into unterhaelt values ('Komatz', '1986-12-27', 122113, '2005-02-02');
insert into unterhaelt values ('Komatz', '1986-12-27', 432247, '2003-10-21');
insert into unterhaelt values ('Komatz', '1986-12-27', 432249, '2001-08-22');
insert into unterhaelt values ('Komatz', '1986-12-27', 112236, '2000-05-28');
insert into unterhaelt values ('Dollart', '1989-10-29', 122103, '2001-05-28');
insert into unterhaelt values ('Dollart', '1989-10-29', 122112, '2003-07-26');
insert into unterhaelt values ('Dollart', '1989-10-29', 432247, '2004-09-24');
insert into unterhaelt values ('Dollart', '1989-10-29', 452255, '2008-11-18');
insert into unterhaelt values ('Dollart', '1989-10-29', 412209, '2000-09-08');
insert into unterhaelt values ('Dollart', '1989-10-29', 112303, '2002-04-18');

insert into unterhaelt values ('Sonke', '1944-02-04', 122111, '2001-01-01');
insert into unterhaelt values ('Sonke', '1944-02-04', 412207, '2002-05-22');
insert into unterhaelt values ('Sonke', '1944-02-04', 122103, '2004-10-11');
insert into unterhaelt values ('Lebedor', '1946-04-05', 412208, '2008-02-11');
insert into unterhaelt values ('Lebedor', '1946-04-05', 432248, '2000-04-30');
insert into unterhaelt values ('Lebedor', '1946-04-05', 112249, '2000-05-06');
insert into unterhaelt values ('Lebedor', '1946-04-05', 412209, '2002-05-05');
insert into unterhaelt values ('Conally', '1957-07-17', 452244, '2003-10-11');
insert into unterhaelt values ('Conally', '1957-07-17', 452266, '2004-09-24');
insert into unterhaelt values ('Conally', '1957-07-17', 122126, '2001-07-07');
insert into unterhaelt values ('Serpent', '1968-06-11', 122103, '2003-06-25');
insert into unterhaelt values ('Serpent', '1968-06-11', 112244, '2001-01-15');
insert into unterhaelt values ('Serpent', '1968-06-11', 122115, '2001-01-28');
insert into unterhaelt values ('Serpent', '1968-06-11', 412209, '2002-09-21');
insert into unterhaelt values ('Serpent', '1968-06-11', 112317, '2007-10-08');
insert into unterhaelt values ('Ullrich', '1981-10-24', 432247, '2005-11-11');
insert into unterhaelt values ('Ullrich', '1981-10-24', 122101, '2004-11-04');
insert into unterhaelt values ('Ullrich', '1981-10-24', 122125, '2007-10-01');
insert into unterhaelt values ('Szymar', '1924-12-12', 452255, '2006-11-07');
insert into unterhaelt values ('Szymar', '1924-12-12', 412207, '2007-09-07');
insert into unterhaelt values ('Szymar', '1924-12-12', 412209, '2000-08-01');
insert into unterhaelt values ('Szymar', '1924-12-12', 432213, '2005-05-21');
insert into unterhaelt values ('Cordies', '1916-11-05', 452233, '2003-05-24');
insert into unterhaelt values ('Cordies', '1916-11-05', 432213, '2000-05-11');
insert into unterhaelt values ('Ranger', '1941-04-10', 112317, '2002-11-21');
insert into unterhaelt values ('Ranger', '1941-04-10', 412208, '2007-11-10');
insert into unterhaelt values ('Ranger', '1941-04-10', 112306, '2000-01-21');
insert into unterhaelt values ('Ranger', '1941-04-10', 452211, '2006-07-03');
insert into unterhaelt values ('Bosch', '1954-06-12', 122125, '2002-07-22');
insert into unterhaelt values ('Bosch', '1954-06-12', 412212, '2005-04-06');
insert into unterhaelt values ('Bosch', '1954-06-12', 112304, '2000-02-23');
insert into unterhaelt values ('Bosch', '1954-06-12', 452255, '2005-03-28');
insert into unterhaelt values ('Erani', '1935-08-21', 122104, '2005-06-25');
insert into unterhaelt values ('Erani', '1935-08-21', 122125, '2004-06-16');
insert into unterhaelt values ('Erani', '1935-08-21', 112305, '2007-08-17');
insert into unterhaelt values ('Erani', '1935-08-21', 412208, '2000-10-05');
insert into unterhaelt values ('Erani', '1935-08-21', 112304, '2005-10-04');
insert into unterhaelt values ('Ebadi', '1998-09-21', 112301, '2007-10-01');
insert into unterhaelt values ('Ebadi', '1998-09-21', 412206, '2001-05-18');
insert into unterhaelt values ('Ebadi', '1998-09-21', 112317, '2001-03-08');
insert into unterhaelt values ('Tokan', '1926-08-27', 412209, '2001-03-12');
insert into unterhaelt values ('Tokan', '1926-08-27', 112318, '2003-08-03');
insert into unterhaelt values ('Nowak', '1947-03-16', 112234, '2005-11-02');
insert into unterhaelt values ('Nowak', '1947-03-16', 112233, '2004-09-09');
insert into unterhaelt values ('Nowak', '1947-03-16', 122100, '2001-12-10');
insert into unterhaelt values ('Nowak', '1947-03-16', 112304, '2000-03-13');
insert into unterhaelt values ('Nowak', '1947-03-16', 412208, '2006-10-12');
insert into unterhaelt values ('Basdorf', '1956-11-20', 122101, '2004-03-12');
insert into unterhaelt values ('Basdorf', '1956-11-20', 452211, '2003-10-21');
insert into unterhaelt values ('Basdorf', '1956-11-20', 432249, '2001-08-02');
insert into unterhaelt values ('Basdorf', '1956-11-20', 122112, '2000-04-22');
insert into unterhaelt values ('Rumel', '1944-12-10', 452255, '2000-07-24');
insert into unterhaelt values ('Rumel', '1944-12-10', 452244, '2000-09-18');
insert into unterhaelt values ('Rumel', '1944-12-10', 122113, '2001-06-08');
insert into unterhaelt values ('Rumel', '1944-12-10', 412209, '2000-05-26');
insert into unterhaelt values ('Rumel', '1944-12-10', 112305, '2002-01-18');
insert into unterhaelt values ('Rumel', '1944-12-10', 112249, '2000-10-27');

insert into unterhaelt values ('Riesam', '1942-02-04', 122112, '2006-10-02');
insert into unterhaelt values ('Riesam', '1942-02-04', 412209, '2005-06-15');
insert into unterhaelt values ('Riesam', '1942-02-04', 122124, '2000-08-10');
insert into unterhaelt values ('Holledau', '1976-04-05', 112318, '2005-05-30');
insert into unterhaelt values ('Holledau', '1976-04-05', 432213, '2004-07-10');
insert into unterhaelt values ('Holledau', '1976-04-05', 432248, '2000-05-07');
insert into unterhaelt values ('Holledau', '1976-04-05', 452244, '2003-09-05');
insert into unterhaelt values ('Strager', '1956-07-17', 122111, '2007-10-01');
insert into unterhaelt values ('Strager', '1956-07-17', 412209, '2000-09-05');
insert into unterhaelt values ('Strager', '1956-07-17', 122124, '2001-11-07');
insert into unterhaelt values ('Radspieler', '1948-06-11', 432247, '2004-12-04');
insert into unterhaelt values ('Radspieler', '1948-06-11', 432249, '2000-05-25');
insert into unterhaelt values ('Radspieler', '1948-06-11', 112318, '2008-04-17');
insert into unterhaelt values ('Radspieler', '1948-06-11', 122122, '2007-07-23');
insert into unterhaelt values ('Radspieler', '1948-06-11', 122113, '2007-11-18');
insert into unterhaelt values ('Ganslmeier', '1988-11-24', 452266, '2006-10-15');
insert into unterhaelt values ('Ganslmeier', '1988-11-24', 452244, '2005-01-14');
insert into unterhaelt values ('Ganslmeier', '1988-11-24', 452255, '2004-02-11');
insert into unterhaelt values ('Tarnat', '1922-12-12', 122124, '2006-10-03');
insert into unterhaelt values ('Tarnat', '1922-12-12', 112249, '2002-10-08');
insert into unterhaelt values ('Tarnat', '1922-12-12', 412211, '2007-08-11');
insert into unterhaelt values ('Tarnat', '1922-12-12', 432248, '2008-07-31');
insert into unterhaelt values ('Rankovic', '1944-10-05', 112304, '2003-07-24');
insert into unterhaelt values ('Rankovic', '1944-10-05', 432248, '2001-05-30');
insert into unterhaelt values ('Seeler', '1933-06-10', 452211, '2004-08-21');
insert into unterhaelt values ('Seeler', '1933-06-10', 122123, '2006-01-20');
insert into unterhaelt values ('Seeler', '1933-06-10', 112234, '2000-01-06');
insert into unterhaelt values ('Seeler', '1933-06-10', 122126, '2002-04-08');
insert into unterhaelt values ('Kumpel', '1954-06-12', 412211, '2001-07-13');
insert into unterhaelt values ('Kumpel', '1954-06-12', 452244, '2004-05-06');
insert into unterhaelt values ('Kumpel', '1954-06-12', 412208, '2003-03-22');
insert into unterhaelt values ('Kumpel', '1954-06-12', 412207, '2007-08-28');
insert into unterhaelt values ('Sirdar', '1935-08-31', 122112, '2008-10-25');
insert into unterhaelt values ('Sirdar', '1935-08-31', 412208, '2003-06-24');
insert into unterhaelt values ('Sirdar', '1935-08-31', 412212, '2007-11-13');
insert into unterhaelt values ('Sirdar', '1935-08-31', 122104, '2001-09-07');
insert into unterhaelt values ('Sirdar', '1935-08-31', 432213, '2003-02-05');
insert into unterhaelt values ('Losen', '1998-02-11', 452222, '2007-11-11');
insert into unterhaelt values ('Losen', '1998-02-11', 122122, '2002-08-18');
insert into unterhaelt values ('Losen', '1998-02-11', 412206, '2001-04-07');
insert into unterhaelt values ('Trebel', '1937-09-27', 112249, '2003-03-11');
insert into unterhaelt values ('Trebel', '1937-09-27', 122124, '2006-05-02');
insert into unterhaelt values ('Zenkovic', '1947-03-06', 452266, '2003-11-03');
insert into unterhaelt values ('Zenkovic', '1947-03-06', 452233, '2000-09-04');
insert into unterhaelt values ('Zenkovic', '1947-03-06', 122111, '2000-10-11');
insert into unterhaelt values ('Zenkovic', '1947-03-06', 122126, '2005-03-15');
insert into unterhaelt values ('Zenkovic', '1947-03-06', 112235, '2003-12-12');
insert into unterhaelt values ('Fonda', '1948-10-10', 412209, '2004-05-02');
insert into unterhaelt values ('Fonda', '1948-10-10', 432248, '2003-11-23');
insert into unterhaelt values ('Fonda', '1948-10-10', 452211, '2002-08-12');
insert into unterhaelt values ('Fonda', '1948-10-10', 122114, '2000-04-08');
insert into unterhaelt values ('Pawlow', '1964-12-20', 122100, '2004-06-18');
insert into unterhaelt values ('Pawlow', '1964-12-20', 452255, '2003-04-17');
insert into unterhaelt values ('Pawlow', '1964-12-20', 122126, '2000-02-06');
insert into unterhaelt values ('Pawlow', '1964-12-20', 112247, '2005-11-02');
insert into unterhaelt values ('Pawlow', '1964-12-20', 452266, '2003-10-13');
insert into unterhaelt values ('Pawlow', '1964-12-20', 112245, '2007-07-26');
